movie_id,genre,country,language,age_rating,release_decade,subscription_plan,device,weekend_release,duration,imdb_score,production_budget_million,target_popular
1,Crime,UK,English,PG-13,1990s,Basic,Mobile,Yes,161,8.4,138.6,1
2,Documentary,South Korea,English,G,1980s,Basic,Mobile,Yes,146,5.6,164.2,0
3,Animation,South Korea,German,R,2020s,Standard,TV,Yes,164,6.7,73.1,0
4,Horror,Japan,Spanish,G,2010s,Basic,Tablet,No,152,5.9,15.6,0
5,Fantasy,Australia,Spanish,R,1980s,Premium,Tablet,No,148,5.5,22.0,0
6,Crime,France,Japanese,G,1990s,Basic,Laptop,No,133,7.9,94.4,0
7,Romance,Japan,German,PG-13,1980s,Premium,Mobile,Yes,95,6.9,71.1,0
8,Crime,Australia,German,PG-13,1980s,Basic,TV,No,126,5.9,56.7,0
9,Documentary,Japan,German,R,2010s,Premium,Laptop,Yes,108,5.2,187.5,0
10,Animation,Germany,Hindi,NC-17,2010s,Standard,Mobile,Yes,140,7.1,190.2,0
11,Comedy,Canada,French,R,2020s,Basic,Laptop,No,151,9.8,134.6,1
12,Animation,USA,Spanish,NC-17,2000s,Premium,Tablet,Yes,112,6.8,116.2,1
13,Adventure,Germany,French,NC-17,1980s,Premium,Tablet,Yes,94,6.5,44.6,0
14,Animation,USA,Korean,R,1980s,Basic,Tablet,No,105,4.8,220.1,0
15,Comedy,UK,Italian,G,2020s,Basic,Mobile,No,145,5.4,134.3,0
16,Documentary,South Korea,German,NC-17,1990s,Premium,Tablet,No,160,7.9,112.3,1
17,Animation,India,Spanish,PG,1990s,Basic,Tablet,Yes,150,7.4,149.2,0
18,Action,UK,English,PG,1980s,Basic,Tablet,Yes,140,5.8,168.9,0
19,Horror,Australia,French,NC-17,2020s,Standard,Mobile,No,178,6.7,28.1,0
20,Crime,South Korea,Korean,R,2010s,Standard,TV,Yes,82,6.6,88.1,0
21,Comedy,France,German,PG,2020s,Standard,Mobile,No,98,6.0,66.2,0
22,Comedy,India,Spanish,G,2020s,Basic,TV,Yes,96,6.7,122.9,0
23,Thriller,USA,French,R,1980s,Standard,Tablet,No,111,6.7,239.5,0
24,Animation,India,French,PG,2000s,Basic,TV,Yes,170,6.2,17.3,0
25,Fantasy,Australia,French,G,2020s,Basic,Mobile,Yes,151,4.9,216.1,0
26,Thriller,UK,German,NC-17,2020s,Basic,Console,Yes,128,8.0,143.5,1
27,Romance,Germany,German,PG-13,1990s,Standard,Laptop,Yes,160,7.9,117.0,1
28,Comedy,USA,Italian,NC-17,2020s,Basic,TV,Yes,139,5.9,233.6,0
29,Comedy,France,Korean,PG-13,1990s,Standard,Console,No,153,9.7,202.7,1
30,Animation,USA,Japanese,G,1990s,Standard,TV,Yes,170,7.4,71.7,0
31,Documentary,France,Korean,PG,2000s,Premium,Laptop,No,81,5.0,108.8,0
32,Sci-Fi,USA,English,PG-13,1990s,Premium,Tablet,Yes,169,6.8,177.9,1
33,Animation,USA,Spanish,G,1990s,Premium,TV,No,149,7.4,110.3,0
34,Action,Germany,Korean,G,2000s,Basic,Mobile,Yes,120,8.6,221.6,1
35,Thriller,Spain,French,PG,1990s,Basic,Laptop,Yes,97,8.4,86.4,0
36,Thriller,France,Japanese,PG,1980s,Standard,TV,No,103,5.6,230.0,0
37,Romance,Germany,German,PG,1980s,Premium,Mobile,No,117,6.0,22.0,0
38,Sci-Fi,Japan,Hindi,NC-17,2000s,Basic,TV,No,97,7.6,246.0,1
39,Action,UK,Hindi,PG-13,2000s,Standard,Console,Yes,124,9.3,51.6,1
40,Action,South Korea,English,NC-17,2020s,Premium,Mobile,No,130,4.9,167.7,0
41,Romance,Spain,Korean,G,2000s,Premium,Tablet,No,116,6.6,77.4,0
42,Drama,France,Hindi,R,1990s,Premium,Console,No,126,7.4,5.1,0
43,Sci-Fi,France,Hindi,NC-17,2020s,Premium,Tablet,No,131,6.8,57.4,0
44,Fantasy,Canada,Spanish,PG-13,2020s,Premium,Console,No,86,8.8,189.0,1
45,Crime,Germany,German,PG,1990s,Basic,TV,Yes,135,7.7,193.3,1
46,Fantasy,South Korea,German,R,2010s,Standard,Mobile,Yes,158,8.1,223.7,1
47,Comedy,South Korea,German,PG,2020s,Standard,TV,Yes,90,6.9,201.3,0
48,Crime,Australia,Korean,R,2020s,Premium,Console,No,145,6.9,44.0,0
49,Fantasy,India,Japanese,PG,2000s,Premium,Laptop,Yes,110,6.8,179.8,0
50,Horror,Germany,Korean,PG-13,2020s,Basic,Mobile,Yes,104,6.5,42.4,0
51,Horror,UK,Hindi,R,2000s,Premium,Laptop,No,82,5.6,107.9,0
52,Documentary,USA,Hindi,R,1980s,Standard,Tablet,No,128,7.4,185.0,0
53,Documentary,France,Italian,PG,2000s,Standard,Laptop,Yes,124,6.3,171.4,0
54,Thriller,Canada,Italian,PG,2020s,Premium,TV,No,150,7.5,11.6,0
55,Crime,South Korea,French,R,1990s,Basic,Tablet,No,116,5.6,85.1,0
56,Thriller,Germany,Hindi,PG-13,1980s,Standard,TV,Yes,119,5.7,21.8,0
57,Crime,USA,English,PG,1990s,Basic,Console,Yes,105,5.2,169.0,0
58,Documentary,France,Italian,PG-13,2000s,Basic,Console,Yes,174,8.8,241.4,1
59,Comedy,Spain,English,PG-13,2020s,Premium,Laptop,No,166,5.6,150.1,0
60,Crime,France,Spanish,PG-13,2020s,Basic,Console,Yes,119,7.3,167.1,0
61,Comedy,Australia,Korean,G,2010s,Standard,TV,No,121,7.9,208.0,1
62,Adventure,Canada,Hindi,PG,2020s,Premium,Tablet,No,134,6.8,184.1,0
63,Sci-Fi,Japan,German,G,2000s,Standard,Mobile,No,147,7.7,97.9,0
64,Action,India,Korean,PG,2010s,Basic,Tablet,No,118,6.0,151.1,0
65,Sci-Fi,Australia,English,NC-17,1990s,Basic,Mobile,No,137,7.4,63.9,0
66,Fantasy,India,Italian,G,1980s,Standard,Mobile,No,163,5.8,167.7,0
67,Romance,India,Korean,R,2020s,Standard,Tablet,No,109,6.1,61.5,0
68,Adventure,France,Korean,G,2020s,Premium,Mobile,Yes,102,8.4,72.7,1
69,Documentary,Australia,Japanese,G,1990s,Standard,Mobile,No,97,6.1,178.5,0
70,Drama,Germany,English,G,2020s,Standard,Mobile,No,88,9.1,145.6,0
71,Fantasy,India,Italian,PG-13,1990s,Basic,Tablet,No,89,8.9,103.2,0
72,Comedy,Spain,English,PG,1990s,Premium,Tablet,Yes,106,5.1,192.3,1
73,Documentary,Spain,German,NC-17,2010s,Standard,Laptop,No,150,9.7,79.8,0
74,Documentary,USA,Spanish,PG,1990s,Standard,TV,Yes,105,5.4,23.4,0
75,Action,South Korea,Italian,NC-17,2010s,Standard,TV,Yes,111,8.2,177.2,1
76,Fantasy,UK,German,PG-13,2020s,Premium,Mobile,No,89,7.4,163.7,0
77,Sci-Fi,Canada,Spanish,G,1990s,Standard,Console,No,131,5.2,173.7,0
78,Adventure,South Korea,Japanese,NC-17,2020s,Standard,Laptop,Yes,151,4.7,110.8,0
79,Romance,Spain,Japanese,G,1980s,Basic,Console,Yes,172,8.1,71.0,0
80,Action,Canada,Italian,NC-17,2010s,Standard,Mobile,No,156,8.8,242.4,1
81,Fantasy,Japan,Hindi,PG-13,2000s,Premium,TV,Yes,117,6.7,126.4,0
82,Crime,South Korea,English,R,1980s,Standard,Tablet,No,89,9.6,104.0,0
83,Animation,USA,Italian,R,1980s,Basic,Console,No,154,8.5,158.2,1
84,Action,France,Japanese,NC-17,1990s,Standard,Laptop,No,90,4.7,159.4,0
85,Horror,Canada,Japanese,NC-17,1980s,Premium,Laptop,Yes,103,9.8,228.7,1
86,Fantasy,UK,French,R,2000s,Premium,Tablet,No,136,9.7,64.7,0
87,Animation,Canada,Hindi,PG,2020s,Premium,Mobile,Yes,110,8.6,214.3,1
88,Romance,Australia,Japanese,G,2000s,Premium,Tablet,No,94,6.9,123.7,0
89,Romance,Australia,Hindi,R,2000s,Basic,Mobile,No,104,9.0,105.6,0
90,Romance,India,Hindi,R,1990s,Standard,TV,Yes,139,9.6,86.3,0
91,Comedy,India,Spanish,NC-17,2010s,Basic,Mobile,No,158,9.6,23.3,0
92,Sci-Fi,Japan,Hindi,G,2000s,Premium,Console,No,115,7.8,222.4,1
93,Fantasy,Australia,English,NC-17,1980s,Basic,Tablet,Yes,170,5.0,244.7,0
94,Crime,UK,Italian,PG,2000s,Basic,TV,No,176,4.8,92.8,0
95,Thriller,Canada,German,NC-17,2010s,Premium,Mobile,Yes,97,4.9,218.4,0
96,Documentary,France,Italian,NC-17,1990s,Basic,Laptop,No,133,5.9,7.3,0
97,Fantasy,Germany,French,G,2010s,Standard,Console,No,156,9.6,174.1,0
98,Fantasy,Germany,German,R,2010s,Basic,Mobile,No,148,6.4,77.5,0
99,Adventure,Germany,English,R,2000s,Basic,Console,Yes,152,8.4,209.0,1
100,Sci-Fi,France,Korean,PG,1990s,Premium,Tablet,Yes,155,5.0,158.7,1
101,Action,Germany,Italian,G,2020s,Standard,Mobile,Yes,112,6.2,106.8,0
102,Horror,Canada,Korean,NC-17,2020s,Standard,Mobile,No,180,9.5,242.0,0
103,Sci-Fi,Japan,Spanish,R,1980s,Basic,Mobile,No,177,7.5,27.1,0
104,Thriller,USA,Japanese,NC-17,1980s,Standard,Tablet,No,149,6.5,161.4,0
105,Romance,UK,German,R,1980s,Premium,Console,No,153,5.7,20.5,0
106,Fantasy,Germany,Hindi,G,1990s,Basic,TV,No,138,5.1,62.5,0
107,Animation,Canada,Hindi,R,2000s,Premium,Console,No,150,8.4,42.9,1
108,Thriller,UK,Italian,NC-17,2010s,Standard,TV,No,102,6.8,237.9,0
109,Romance,UK,Korean,NC-17,2000s,Basic,Laptop,No,99,9.6,237.5,0
110,Fantasy,UK,German,NC-17,1980s,Basic,Tablet,Yes,91,8.7,55.3,0
111,Animation,France,German,PG,2000s,Basic,Console,Yes,110,9.0,40.4,1
112,Drama,Australia,Japanese,PG,1980s,Premium,TV,Yes,76,6.4,198.2,0
113,Documentary,Japan,English,PG,2000s,Basic,Mobile,No,142,5.1,20.6,0
114,Fantasy,Japan,Spanish,R,2020s,Basic,Console,Yes,168,8.7,217.4,1
115,Animation,Germany,Italian,G,1980s,Standard,Laptop,No,162,5.1,179.5,0
116,Fantasy,UK,Spanish,PG-13,2020s,Basic,TV,Yes,110,7.8,148.4,1
117,Adventure,Japan,Hindi,NC-17,2020s,Standard,Laptop,No,87,8.7,33.0,0
118,Crime,Australia,German,R,2010s,Basic,Laptop,No,180,6.9,106.9,0
119,Comedy,Japan,Hindi,PG-13,2000s,Standard,Mobile,No,83,5.0,25.9,0
120,Thriller,UK,Korean,PG,2020s,Basic,Console,No,160,5.1,91.6,0
121,Crime,South Korea,English,PG-13,2020s,Standard,Tablet,Yes,148,7.2,42.9,0
122,Fantasy,France,Spanish,PG-13,2020s,Standard,TV,No,148,5.7,110.1,0
123,Animation,Spain,English,NC-17,2000s,Basic,Mobile,No,164,8.5,230.8,1
124,Romance,USA,French,PG,2020s,Premium,Laptop,Yes,93,8.4,243.1,1
125,Comedy,Australia,German,R,2010s,Standard,Tablet,Yes,122,6.2,84.5,0
126,Documentary,Spain,Spanish,G,1990s,Basic,Console,Yes,161,4.9,113.6,0
127,Thriller,India,Italian,R,2000s,Basic,Console,Yes,119,6.8,74.4,0
128,Crime,Spain,Italian,NC-17,2000s,Basic,Mobile,No,151,4.8,55.1,0
129,Horror,Canada,Japanese,PG-13,2000s,Basic,TV,No,170,6.8,36.7,0
130,Animation,France,Korean,G,2010s,Premium,TV,No,77,6.9,24.1,0
131,Romance,Spain,Hindi,NC-17,2010s,Premium,Laptop,No,89,6.6,241.7,0
132,Drama,Spain,Italian,PG-13,1980s,Standard,TV,Yes,130,7.6,133.4,1
133,Thriller,Germany,Korean,PG,2000s,Basic,TV,Yes,142,7.2,227.0,0
134,Romance,Japan,French,PG,1980s,Basic,Tablet,Yes,97,7.7,191.3,1
135,Crime,UK,French,R,2010s,Premium,Console,No,162,9.4,143.3,1
136,Crime,Spain,Korean,PG-13,1990s,Standard,TV,No,131,7.8,200.1,0
137,Documentary,USA,Korean,NC-17,1980s,Standard,Laptop,No,79,4.8,208.8,0
138,Comedy,UK,Hindi,R,2020s,Premium,TV,No,178,7.5,51.1,1
139,Documentary,India,French,G,2010s,Basic,Tablet,Yes,139,7.9,14.6,0
140,Adventure,India,Italian,NC-17,2020s,Premium,Mobile,No,122,9.4,99.9,1
141,Romance,Spain,English,PG-13,1980s,Standard,TV,No,111,5.8,213.6,0
142,Documentary,Canada,Korean,G,2020s,Premium,Mobile,No,114,9.6,176.1,1
143,Thriller,Canada,Spanish,PG-13,2020s,Standard,Tablet,Yes,160,8.2,237.0,1
144,Crime,Australia,Spanish,R,2020s,Standard,TV,No,114,5.5,57.5,0
145,Fantasy,France,German,PG,1990s,Basic,Tablet,Yes,139,8.6,209.6,1
146,Animation,USA,Korean,NC-17,1990s,Premium,Laptop,Yes,95,5.5,174.7,1
147,Documentary,Canada,Italian,G,2010s,Standard,Mobile,No,153,6.0,188.4,0
148,Fantasy,France,German,PG-13,2010s,Basic,Tablet,No,134,8.6,195.6,0
149,Animation,Australia,Hindi,PG,1990s,Premium,Mobile,No,81,7.9,219.2,1
150,Animation,UK,Spanish,PG-13,1980s,Basic,Tablet,No,140,5.3,112.2,0
151,Horror,India,Korean,G,2010s,Basic,Laptop,No,105,6.5,25.0,0
152,Horror,USA,Korean,G,2000s,Basic,Mobile,Yes,111,9.4,120.8,1
153,Drama,India,Italian,NC-17,1980s,Basic,TV,No,102,8.9,139.5,0
154,Adventure,Spain,Hindi,G,2000s,Basic,Tablet,Yes,81,5.8,161.5,0
155,Documentary,India,Spanish,G,2010s,Premium,Console,Yes,155,7.2,64.3,0
156,Drama,Germany,Hindi,G,2020s,Standard,Mobile,No,98,8.0,26.0,0
157,Romance,UK,English,R,2010s,Basic,Laptop,No,107,8.5,92.5,0
158,Comedy,Japan,German,G,2020s,Premium,Tablet,Yes,80,6.4,87.9,0
159,Crime,Canada,Italian,R,1990s,Basic,TV,No,79,6.1,15.7,0
160,Horror,USA,Korean,PG-13,2020s,Standard,Console,No,107,4.7,163.5,0
161,Sci-Fi,Japan,English,PG-13,2000s,Basic,Tablet,No,126,8.4,224.2,1
162,Thriller,Japan,French,R,2010s,Standard,Console,No,177,4.9,109.0,0
163,Thriller,Spain,French,NC-17,2000s,Standard,TV,Yes,116,8.0,80.1,0
164,Documentary,South Korea,French,R,2000s,Standard,TV,No,153,9.8,72.3,0
165,Action,UK,Hindi,PG-13,2020s,Premium,Mobile,Yes,93,9.0,171.1,1
166,Fantasy,USA,French,G,1990s,Premium,Tablet,No,124,9.5,12.9,0
167,Drama,India,Korean,PG-13,2010s,Basic,Console,Yes,142,6.4,82.0,0
168,Sci-Fi,France,Spanish,G,1990s,Standard,Console,No,146,5.1,194.9,0
169,Adventure,India,German,NC-17,2000s,Premium,Laptop,Yes,90,5.2,23.1,0
170,Drama,India,Spanish,PG-13,2000s,Premium,TV,No,113,9.0,179.4,1
171,Adventure,Canada,Korean,NC-17,1990s,Basic,Mobile,Yes,105,8.7,11.4,1
172,Animation,Spain,Korean,R,2020s,Basic,Console,Yes,83,6.1,249.9,0
173,Adventure,India,Hindi,R,2020s,Basic,Mobile,No,157,4.9,119.1,0
174,Animation,Japan,French,NC-17,2020s,Basic,Mobile,No,139,9.3,18.6,0
175,Comedy,Australia,French,PG-13,1990s,Basic,Tablet,Yes,119,9.5,132.1,1
176,Sci-Fi,UK,Japanese,PG,2020s,Standard,Mobile,No,153,7.3,128.1,0
177,Drama,Spain,French,PG,2020s,Premium,Console,No,147,4.7,216.6,0
178,Comedy,USA,Japanese,PG,2020s,Standard,Console,Yes,138,9.2,138.7,1
179,Crime,Germany,Italian,PG,2010s,Standard,Laptop,Yes,163,4.8,112.7,0
180,Fantasy,India,German,PG-13,2020s,Basic,Tablet,No,168,9.7,89.6,0
181,Thriller,Canada,Korean,NC-17,2020s,Basic,Tablet,Yes,134,5.1,115.2,0
182,Drama,UK,English,PG-13,2010s,Premium,Laptop,Yes,95,8.8,233.8,1
183,Adventure,Japan,German,PG,2010s,Premium,Laptop,No,114,7.1,27.1,0
184,Thriller,Australia,Italian,PG,1990s,Premium,Tablet,Yes,81,6.0,151.4,0
185,Crime,India,Japanese,NC-17,1980s,Basic,Laptop,Yes,108,8.4,192.1,1
186,Romance,USA,Hindi,G,2020s,Premium,Mobile,No,145,6.0,99.7,0
187,Fantasy,Australia,Japanese,NC-17,2020s,Basic,Mobile,Yes,125,6.5,246.8,0
188,Animation,Japan,French,PG,2020s,Premium,Laptop,Yes,80,4.7,179.8,1
189,Fantasy,Australia,Italian,PG,2020s,Premium,Mobile,No,153,6.2,101.3,0
190,Documentary,Germany,Korean,NC-17,2020s,Premium,Laptop,No,135,8.8,95.2,0
191,Crime,UK,Hindi,NC-17,2000s,Premium,TV,No,108,9.6,196.8,1
192,Documentary,Spain,German,G,2020s,Standard,Mobile,No,93,8.9,64.3,0
193,Documentary,UK,German,G,2010s,Standard,Laptop,Yes,127,8.2,105.5,1
194,Documentary,India,English,PG,2020s,Basic,Console,No,159,7.0,97.3,0
195,Drama,India,Korean,NC-17,2000s,Premium,Tablet,No,99,9.6,73.4,0
196,Sci-Fi,France,Japanese,PG-13,1990s,Premium,Laptop,No,136,6.3,233.8,0
197,Adventure,Germany,Japanese,G,2020s,Premium,Console,No,125,8.8,238.9,1
198,Drama,Germany,English,PG-13,1980s,Standard,Laptop,No,170,7.0,54.5,0
199,Animation,Germany,Japanese,PG,1980s,Premium,Console,Yes,106,4.8,226.8,1
200,Horror,France,English,G,2010s,Standard,Laptop,Yes,162,8.6,6.3,0
201,Animation,Canada,Hindi,R,2010s,Premium,Mobile,No,116,6.0,19.5,0
202,Comedy,Spain,German,NC-17,1980s,Basic,Laptop,Yes,79,9.8,102.3,1
203,Fantasy,Canada,Japanese,G,1980s,Standard,Console,Yes,117,6.0,247.3,0
204,Animation,Australia,Italian,PG,2020s,Standard,Tablet,Yes,178,5.1,44.8,0
205,Fantasy,Germany,French,G,2000s,Standard,Console,Yes,97,7.7,161.5,1
206,Thriller,South Korea,Korean,G,2010s,Premium,TV,Yes,92,7.0,234.3,0
207,Action,Germany,Hindi,PG,2010s,Standard,Tablet,No,149,8.3,7.8,0
208,Crime,Japan,German,G,1980s,Standard,Tablet,Yes,126,8.1,231.2,1
209,Adventure,Germany,Spanish,PG-13,2000s,Premium,Mobile,Yes,92,7.0,116.5,1
210,Documentary,Japan,Hindi,NC-17,2010s,Premium,Mobile,Yes,162,8.5,218.9,1
211,Comedy,Australia,Italian,NC-17,2000s,Basic,Console,Yes,82,8.9,226.2,1
212,Horror,Spain,French,PG,2000s,Premium,Laptop,Yes,162,5.6,147.9,0
213,Comedy,Australia,Italian,G,2010s,Basic,Console,No,133,7.5,141.9,1
214,Crime,Germany,English,R,2000s,Basic,Mobile,Yes,80,6.7,176.6,0
215,Animation,USA,Spanish,R,1980s,Standard,Laptop,Yes,173,5.2,162.2,0
216,Adventure,South Korea,Korean,R,2010s,Standard,Laptop,Yes,162,9.6,219.3,1
217,Drama,Japan,Spanish,PG,2020s,Standard,Console,Yes,168,9.7,209.5,1
218,Action,Germany,Italian,NC-17,2010s,Premium,Laptop,Yes,106,6.9,43.0,0
219,Horror,UK,English,R,2020s,Basic,Mobile,Yes,83,5.0,13.2,0
220,Documentary,USA,German,G,2010s,Standard,Mobile,Yes,171,9.1,18.8,0
221,Animation,Germany,German,NC-17,2000s,Premium,Console,No,105,6.1,40.1,0
222,Crime,Australia,German,R,2000s,Standard,TV,Yes,155,8.1,141.2,1
223,Action,Japan,Hindi,NC-17,2000s,Premium,Laptop,No,94,6.1,50.1,0
224,Animation,India,German,PG,2000s,Premium,Mobile,No,82,7.5,242.1,1
225,Animation,Australia,French,R,1990s,Standard,Mobile,No,157,4.9,115.2,0
226,Romance,UK,German,G,2000s,Standard,Console,Yes,84,5.5,191.6,0
227,Adventure,Australia,German,R,1990s,Standard,Tablet,Yes,102,9.5,240.7,1
228,Comedy,India,German,NC-17,1990s,Standard,Mobile,No,174,6.0,119.2,0
229,Crime,Japan,Japanese,PG-13,2000s,Premium,Laptop,No,87,8.8,182.0,1
230,Romance,France,Korean,PG-13,2010s,Basic,Console,Yes,169,5.3,68.9,0
231,Documentary,Spain,Hindi,PG-13,1990s,Basic,Tablet,Yes,123,7.5,65.2,0
232,Animation,Japan,Japanese,R,2010s,Standard,Mobile,No,96,5.2,138.9,0
233,Drama,Australia,English,NC-17,1980s,Basic,TV,Yes,127,5.2,159.5,0
234,Comedy,Canada,English,PG,2020s,Standard,Tablet,Yes,154,7.9,233.8,1
235,Fantasy,India,English,G,2020s,Premium,Laptop,Yes,77,7.3,72.3,0
236,Sci-Fi,USA,Hindi,PG,1980s,Basic,Console,Yes,105,5.5,134.0,0
237,Romance,Germany,Hindi,G,2000s,Standard,Laptop,Yes,164,5.7,172.6,0
238,Comedy,USA,Spanish,R,2010s,Standard,Console,No,82,7.9,177.2,1
239,Comedy,India,Hindi,PG-13,2020s,Basic,Console,Yes,104,5.6,217.7,0
240,Documentary,India,Japanese,G,1980s,Premium,Tablet,Yes,97,9.4,82.0,1
241,Horror,Spain,French,R,1980s,Standard,Mobile,Yes,147,8.9,100.3,1
242,Animation,Japan,Hindi,PG,1980s,Premium,Tablet,Yes,87,6.8,210.5,1
243,Romance,Spain,Hindi,PG-13,1980s,Premium,Tablet,No,137,5.7,140.5,0
244,Thriller,South Korea,French,NC-17,2010s,Basic,Console,No,177,5.8,23.0,0
245,Sci-Fi,Canada,Hindi,PG,2010s,Standard,Tablet,Yes,86,4.5,80.5,0
246,Romance,Germany,Spanish,PG,1980s,Basic,Laptop,No,146,7.4,105.0,0
247,Action,UK,Korean,NC-17,1980s,Premium,Console,No,124,4.6,106.4,0
248,Comedy,Australia,German,NC-17,2020s,Basic,Laptop,Yes,92,5.9,70.8,0
249,Drama,UK,French,R,2000s,Standard,Tablet,No,175,4.9,66.7,0
250,Horror,India,German,R,1980s,Basic,Tablet,Yes,125,6.3,156.9,0
251,Romance,India,Korean,R,2020s,Basic,Tablet,No,152,9.5,54.2,0
252,Romance,Canada,Hindi,PG-13,2000s,Premium,Laptop,Yes,116,6.5,205.0,0
253,Thriller,Japan,Spanish,NC-17,1990s,Premium,Console,Yes,162,8.6,11.6,1
254,Adventure,India,German,R,2000s,Premium,TV,No,161,7.1,160.2,0
255,Horror,Germany,French,R,2010s,Basic,Laptop,No,149,6.6,129.1,0
256,Adventure,South Korea,English,PG-13,2020s,Premium,TV,Yes,173,5.8,167.9,1
257,Drama,Spain,English,NC-17,2010s,Standard,Laptop,Yes,76,5.0,59.4,0
258,Adventure,Australia,German,R,2000s,Standard,Laptop,Yes,119,9.8,123.3,1
259,Sci-Fi,South Korea,Spanish,G,1990s,Standard,Tablet,No,133,8.7,132.7,1
260,Romance,India,Spanish,R,2010s,Standard,TV,No,80,8.8,33.2,0
261,Romance,UK,French,PG,2020s,Basic,Console,Yes,117,7.5,239.8,1
262,Horror,South Korea,French,PG,2010s,Standard,TV,Yes,132,7.6,100.3,1
263,Adventure,France,German,PG-13,1980s,Premium,TV,Yes,121,6.2,117.1,1
264,Sci-Fi,India,Korean,NC-17,2010s,Premium,Laptop,Yes,119,6.4,117.2,1
265,Drama,Germany,Spanish,PG,2000s,Basic,Mobile,No,89,5.5,174.9,0
266,Animation,South Korea,Hindi,NC-17,1990s,Premium,Laptop,No,98,7.1,136.7,0
267,Crime,Canada,French,R,2000s,Basic,Mobile,No,132,7.8,217.1,0
268,Action,India,French,PG,2010s,Premium,Console,No,127,8.1,106.8,1
269,Fantasy,India,French,G,2020s,Basic,Mobile,No,79,6.0,136.7,0
270,Drama,India,Italian,NC-17,2020s,Basic,Console,Yes,109,8.6,206.7,1
271,Romance,Australia,English,R,2020s,Basic,Laptop,Yes,169,8.9,189.1,1
272,Sci-Fi,USA,Italian,PG-13,2000s,Basic,Laptop,Yes,174,8.8,56.4,1
273,Adventure,Spain,Korean,NC-17,2010s,Basic,Console,Yes,175,5.6,55.7,0
274,Action,Spain,Korean,NC-17,2000s,Premium,Console,Yes,116,9.7,76.7,1
275,Documentary,Germany,Spanish,PG,2010s,Basic,Tablet,Yes,164,9.1,66.2,0
276,Adventure,Japan,German,R,2010s,Basic,Console,No,155,6.7,115.7,0
277,Crime,UK,Hindi,NC-17,2000s,Premium,Tablet,No,137,6.2,5.6,0
278,Adventure,UK,Italian,PG-13,1980s,Premium,Laptop,Yes,129,8.9,126.2,1
279,Romance,Germany,Korean,NC-17,2020s,Basic,Console,No,175,6.3,172.2,0
280,Action,USA,Spanish,R,1980s,Basic,Mobile,No,133,4.5,239.7,0
281,Horror,Canada,Japanese,PG,2000s,Basic,Tablet,No,85,6.5,226.4,0
282,Drama,USA,Hindi,PG-13,1990s,Standard,TV,Yes,75,5.6,24.1,0
283,Documentary,France,Italian,G,1980s,Premium,Tablet,Yes,129,8.2,122.0,1
284,Horror,South Korea,Spanish,G,1980s,Standard,Tablet,No,92,6.5,204.3,0
285,Drama,Canada,Spanish,NC-17,2020s,Basic,Console,Yes,131,6.4,57.2,0
286,Adventure,Canada,Hindi,NC-17,2010s,Basic,TV,Yes,92,8.5,149.4,1
287,Thriller,Japan,Hindi,PG-13,1990s,Basic,Tablet,Yes,106,7.4,152.0,0
288,Documentary,Germany,English,PG-13,1990s,Premium,Console,Yes,170,6.6,163.3,0
289,Horror,India,Hindi,G,1990s,Standard,Console,Yes,142,9.2,8.0,0
290,Romance,Japan,French,R,2020s,Standard,Tablet,Yes,172,7.0,246.9,0
291,Comedy,USA,Spanish,G,2000s,Basic,TV,Yes,176,6.6,75.2,0
292,Adventure,Australia,Hindi,R,2010s,Basic,Console,Yes,110,4.9,24.4,0
293,Horror,Canada,Korean,R,2020s,Premium,TV,No,164,6.8,238.6,0
294,Horror,USA,German,G,2010s,Basic,Laptop,Yes,114,8.0,166.2,1
295,Drama,UK,English,PG,1980s,Basic,Laptop,No,141,7.2,206.5,0
296,Sci-Fi,Canada,Korean,PG,2000s,Premium,TV,Yes,117,8.8,71.6,1
297,Comedy,Germany,Spanish,R,2010s,Premium,Tablet,Yes,138,9.1,45.9,1
298,Drama,Germany,Spanish,NC-17,1980s,Basic,Console,Yes,80,9.1,8.0,0
299,Action,India,Korean,R,1990s,Basic,TV,No,103,6.2,107.0,0
300,Adventure,Japan,Japanese,G,2020s,Standard,TV,Yes,97,5.7,131.4,0
301,Action,South Korea,Spanish,R,2000s,Standard,Tablet,Yes,145,6.9,95.4,0
302,Sci-Fi,Spain,Japanese,NC-17,1990s,Standard,Tablet,No,173,8.6,184.5,1
303,Animation,France,French,G,2010s,Basic,Mobile,No,156,8.9,219.9,1
304,Romance,USA,Hindi,PG-13,1980s,Basic,Console,Yes,128,7.1,19.7,0
305,Drama,Germany,Spanish,G,1990s,Premium,Laptop,No,133,9.7,25.8,0
306,Comedy,Australia,French,R,1980s,Premium,Console,Yes,130,8.0,37.0,1
307,Sci-Fi,Germany,Korean,R,2000s,Standard,Laptop,No,104,4.9,54.7,0
308,Documentary,UK,French,G,1990s,Standard,Laptop,No,127,5.1,92.8,0
309,Horror,India,Japanese,R,2000s,Basic,TV,Yes,178,8.1,207.5,1
310,Adventure,Spain,English,PG,2000s,Basic,TV,Yes,120,6.6,17.0,0
311,Sci-Fi,Germany,French,G,2010s,Standard,Console,Yes,87,6.9,202.0,0
312,Drama,UK,English,G,1990s,Basic,Mobile,No,122,8.1,234.7,0
313,Comedy,Spain,Japanese,G,1980s,Basic,Mobile,No,178,5.2,226.7,0
314,Romance,UK,English,R,1980s,Basic,Console,No,180,8.3,126.6,0
315,Thriller,South Korea,French,PG-13,1990s,Basic,Tablet,No,132,9.2,13.5,0
316,Documentary,Spain,German,PG-13,2010s,Standard,Console,No,82,5.0,98.8,0
317,Thriller,France,German,NC-17,1980s,Standard,Tablet,No,144,8.6,89.3,0
318,Documentary,Australia,Korean,R,2000s,Basic,TV,No,151,5.7,224.5,0
319,Sci-Fi,USA,Italian,NC-17,2000s,Premium,Mobile,Yes,87,5.8,64.1,0
320,Animation,USA,German,NC-17,2010s,Standard,Mobile,Yes,105,7.6,202.5,1
321,Adventure,Japan,English,PG-13,2020s,Premium,Mobile,Yes,178,9.2,125.6,1
322,Sci-Fi,Canada,Italian,G,1980s,Basic,Mobile,Yes,77,7.3,5.2,0
323,Documentary,France,French,PG-13,1990s,Standard,TV,Yes,93,7.6,229.7,1
324,Comedy,Australia,Korean,G,2000s,Premium,Laptop,Yes,118,6.1,38.4,0
325,Drama,South Korea,Italian,PG-13,1990s,Premium,Console,No,103,8.0,204.5,1
326,Thriller,Germany,Japanese,PG,1990s,Premium,TV,No,173,9.6,12.9,0
327,Documentary,Japan,German,NC-17,1980s,Standard,Mobile,No,170,4.9,90.0,0
328,Romance,Canada,Spanish,PG-13,2010s,Basic,Tablet,Yes,106,8.2,90.9,0
329,Comedy,USA,English,R,2010s,Premium,Laptop,Yes,127,7.1,97.8,0
330,Animation,South Korea,Spanish,R,2020s,Premium,Mobile,Yes,132,4.9,212.2,1
331,Sci-Fi,USA,Korean,PG-13,1980s,Basic,Tablet,Yes,123,5.4,23.4,0
332,Comedy,Japan,Italian,G,2010s,Premium,Mobile,No,95,4.8,86.1,0
333,Horror,South Korea,Japanese,PG-13,2000s,Basic,TV,Yes,125,7.5,210.8,1
334,Drama,USA,Korean,G,2010s,Basic,Tablet,No,100,5.0,55.7,0
335,Crime,Germany,Spanish,R,1980s,Standard,Laptop,No,137,9.2,69.9,0
336,Crime,Australia,Hindi,PG,2000s,Standard,Tablet,Yes,132,4.7,112.7,0
337,Sci-Fi,France,Japanese,NC-17,1980s,Basic,TV,Yes,160,6.3,137.7,0
338,Documentary,France,English,R,2020s,Standard,Console,No,148,9.2,121.7,0
339,Comedy,South Korea,English,NC-17,2020s,Premium,Console,Yes,90,9.5,115.0,1
340,Drama,France,German,PG,1980s,Standard,TV,No,100,9.8,158.7,0
341,Documentary,Germany,Korean,G,1980s,Standard,Console,No,145,6.2,72.7,0
342,Fantasy,USA,Hindi,G,2010s,Basic,Mobile,Yes,88,7.5,29.7,0
343,Sci-Fi,Australia,Korean,R,2000s,Standard,Laptop,No,79,5.4,103.7,0
344,Documentary,Spain,Hindi,G,2010s,Standard,Mobile,Yes,170,7.0,70.8,0
345,Romance,USA,Korean,PG-13,2000s,Standard,Laptop,Yes,104,5.2,243.7,0
346,Fantasy,Japan,Japanese,R,2020s,Premium,TV,Yes,131,5.6,206.9,0
347,Adventure,India,Korean,G,2020s,Basic,TV,No,165,7.2,38.2,0
348,Animation,Spain,English,PG,1990s,Basic,TV,Yes,79,6.9,229.9,0
349,Adventure,France,Japanese,PG-13,2010s,Premium,Laptop,Yes,162,4.7,96.3,0
350,Documentary,India,French,R,2020s,Premium,Tablet,No,95,8.9,68.4,0
351,Adventure,UK,Japanese,G,2010s,Basic,Mobile,Yes,103,7.9,171.0,1
352,Sci-Fi,South Korea,English,G,2010s,Basic,Mobile,Yes,103,5.8,202.2,0
353,Sci-Fi,Germany,Hindi,R,2000s,Standard,Tablet,Yes,134,6.1,132.6,0
354,Documentary,South Korea,Spanish,G,2020s,Premium,Tablet,No,113,8.1,123.0,1
355,Romance,Germany,Korean,PG-13,2000s,Premium,Tablet,Yes,94,7.2,63.9,0
356,Action,Spain,Hindi,PG-13,1990s,Premium,TV,No,112,5.9,107.5,0
357,Thriller,USA,German,PG-13,1990s,Premium,Console,No,160,6.4,78.5,0
358,Drama,Australia,French,PG-13,1980s,Standard,Mobile,No,167,8.8,191.9,0
359,Drama,Japan,Spanish,PG,2000s,Basic,Tablet,No,175,9.2,96.1,0
360,Documentary,Germany,Italian,G,2010s,Basic,Console,Yes,135,9.2,127.6,1
361,Crime,South Korea,Japanese,R,1980s,Basic,Mobile,Yes,118,6.7,144.5,0
362,Fantasy,Canada,Korean,PG,1980s,Standard,Tablet,Yes,115,7.9,6.2,0
363,Sci-Fi,France,French,NC-17,1990s,Standard,TV,Yes,153,6.8,110.2,0
364,Thriller,India,Hindi,G,1980s,Premium,Mobile,No,76,9.2,190.4,1
365,Animation,France,English,G,1990s,Basic,Tablet,No,91,5.0,128.3,0
366,Sci-Fi,Canada,Spanish,G,2000s,Standard,Laptop,No,130,9.2,248.9,1
367,Romance,India,Korean,PG,1990s,Standard,TV,Yes,103,8.4,37.1,0
368,Adventure,USA,French,G,2000s,Premium,TV,No,156,5.9,136.0,0
369,Action,Spain,English,G,1980s,Basic,TV,No,131,6.5,139.1,0
370,Fantasy,Canada,German,G,2000s,Standard,TV,No,154,7.7,38.6,0
371,Comedy,Australia,Spanish,PG-13,1980s,Basic,Laptop,Yes,152,5.6,69.4,0
372,Animation,France,Korean,R,2000s,Basic,TV,No,101,8.1,122.8,1
373,Horror,USA,English,G,1980s,Premium,Laptop,Yes,86,8.6,23.4,1
374,Adventure,UK,Japanese,PG,2010s,Standard,Tablet,No,81,5.0,47.8,0
375,Action,Germany,Korean,PG-13,2010s,Premium,TV,Yes,172,9.2,7.4,1
376,Drama,Canada,Korean,PG-13,2010s,Premium,Tablet,Yes,122,8.8,49.8,1
377,Thriller,South Korea,Italian,PG-13,2010s,Premium,Laptop,No,158,9.2,45.9,0
378,Drama,USA,French,G,2010s,Premium,Laptop,No,98,7.7,195.9,1
379,Documentary,USA,French,R,2010s,Basic,Laptop,No,80,4.8,165.5,0
380,Action,Australia,German,PG-13,2020s,Premium,Console,Yes,130,8.0,65.9,1
381,Romance,South Korea,French,NC-17,2020s,Basic,TV,Yes,139,9.0,213.7,1
382,Drama,UK,Italian,PG-13,1990s,Standard,Tablet,Yes,139,5.7,162.6,0
383,Thriller,France,Spanish,R,2010s,Premium,Laptop,Yes,138,6.9,34.1,0
384,Fantasy,USA,Spanish,R,2010s,Basic,Console,Yes,180,5.0,153.0,0
385,Documentary,Germany,German,R,2000s,Standard,TV,Yes,133,6.3,193.0,0
386,Documentary,India,Korean,R,1980s,Basic,Mobile,Yes,118,6.4,160.2,0
387,Sci-Fi,Australia,Korean,G,1980s,Basic,Laptop,Yes,180,8.3,181.8,1
388,Comedy,Germany,German,PG,1980s,Standard,Mobile,No,180,8.6,180.6,1
389,Comedy,South Korea,English,NC-17,1980s,Standard,Laptop,Yes,138,4.5,185.4,0
390,Animation,South Korea,Italian,NC-17,1990s,Premium,Console,Yes,168,8.8,30.4,1
391,Crime,Spain,Korean,NC-17,2010s,Standard,Console,Yes,110,6.6,89.0,0
392,Sci-Fi,India,French,PG,2010s,Premium,Console,No,164,7.4,81.9,0
393,Adventure,Australia,German,PG,1990s,Premium,Tablet,No,161,5.2,179.0,0
394,Drama,Australia,Korean,G,2000s,Premium,Laptop,No,161,8.5,211.1,1
395,Sci-Fi,South Korea,English,NC-17,1980s,Basic,Laptop,Yes,81,8.1,54.0,1
396,Drama,Germany,Japanese,PG,1980s,Premium,Tablet,Yes,171,7.4,92.9,0
397,Fantasy,UK,German,NC-17,2010s,Basic,Console,No,163,8.0,232.0,0
398,Thriller,South Korea,Korean,NC-17,1980s,Basic,Tablet,Yes,154,9.1,215.8,1
399,Fantasy,France,Korean,NC-17,2020s,Premium,Console,Yes,174,8.3,52.4,1
400,Fantasy,Canada,Spanish,PG,1990s,Premium,Console,Yes,123,4.7,73.4,0
401,Sci-Fi,Canada,French,NC-17,2000s,Basic,Tablet,No,165,9.5,14.8,0
402,Romance,Spain,English,NC-17,2000s,Standard,Console,No,84,8.7,82.9,0
403,Horror,Canada,Spanish,NC-17,1990s,Standard,Console,No,86,6.4,221.4,0
404,Crime,Japan,Korean,PG-13,2000s,Basic,Console,No,146,8.9,245.4,0
405,Action,UK,Korean,R,1990s,Premium,Console,Yes,80,8.1,83.6,1
406,Comedy,South Korea,Japanese,NC-17,2000s,Basic,Console,No,140,8.8,114.2,1
407,Action,Germany,German,PG-13,2020s,Basic,TV,Yes,173,7.4,6.8,0
408,Comedy,France,German,R,1980s,Basic,Console,No,157,8.8,22.7,0
409,Crime,Canada,English,R,2000s,Basic,TV,Yes,81,5.4,66.7,0
410,Comedy,Spain,German,PG-13,2010s,Standard,Laptop,No,130,6.2,100.4,0
411,Comedy,Australia,English,NC-17,1980s,Premium,Console,Yes,164,9.0,92.6,1
412,Animation,UK,Japanese,PG-13,2020s,Basic,Tablet,No,123,6.6,166.9,0
413,Fantasy,Canada,German,PG,2010s,Premium,Tablet,Yes,113,8.1,229.0,1
414,Adventure,Japan,English,NC-17,2020s,Basic,TV,Yes,75,7.5,101.6,1
415,Animation,UK,Japanese,PG,2000s,Basic,Laptop,Yes,95,5.5,156.1,0
416,Sci-Fi,France,Spanish,PG,2020s,Basic,Console,No,157,7.4,76.2,0
417,Comedy,Germany,Spanish,PG,2020s,Standard,Tablet,No,91,8.1,62.5,0
418,Sci-Fi,Spain,Spanish,PG,2000s,Standard,Laptop,No,153,8.0,174.9,1
419,Drama,Spain,Korean,PG-13,2010s,Basic,TV,No,106,8.7,179.5,0
420,Crime,South Korea,Japanese,PG-13,1990s,Premium,Tablet,No,134,6.9,194.8,0
421,Fantasy,Australia,Spanish,PG,2020s,Basic,Tablet,Yes,143,5.5,184.7,0
422,Crime,UK,Spanish,G,2020s,Premium,TV,No,173,7.6,227.0,1
423,Animation,Germany,Italian,PG,2000s,Standard,Mobile,No,92,7.0,130.1,0
424,Thriller,Japan,English,PG,2020s,Premium,Mobile,Yes,132,5.3,143.8,0
425,Documentary,Canada,Italian,PG-13,1980s,Basic,Laptop,Yes,83,5.9,62.3,0
426,Crime,France,Korean,R,2010s,Standard,TV,Yes,158,6.2,177.4,0
427,Animation,Germany,Japanese,NC-17,2020s,Premium,Mobile,No,158,6.5,149.0,0
428,Comedy,Australia,Japanese,R,1990s,Premium,Laptop,No,179,9.1,124.3,1
429,Fantasy,Spain,English,NC-17,1990s,Standard,Mobile,Yes,84,7.2,73.8,0
430,Drama,Canada,French,PG-13,2020s,Premium,TV,Yes,128,8.8,181.5,1
431,Fantasy,India,Italian,PG,2020s,Basic,Laptop,Yes,106,4.7,145.5,0
432,Drama,Canada,English,NC-17,1990s,Basic,Mobile,No,98,7.2,104.3,0
433,Documentary,USA,Japanese,G,1990s,Standard,Console,No,136,5.4,208.4,0
434,Documentary,Canada,French,NC-17,2020s,Standard,Mobile,No,133,7.7,21.9,0
435,Thriller,South Korea,French,G,1980s,Basic,Console,No,180,5.3,28.6,0
436,Fantasy,Spain,English,NC-17,2020s,Basic,TV,No,159,5.2,152.9,0
437,Action,South Korea,Hindi,PG-13,1980s,Premium,Console,No,104,9.5,123.1,1
438,Thriller,Japan,Spanish,R,1990s,Standard,Laptop,Yes,85,6.0,219.8,0
439,Thriller,Germany,German,G,1980s,Premium,Console,Yes,141,4.5,165.4,0
440,Adventure,Japan,Hindi,PG-13,1980s,Basic,Laptop,No,108,9.0,108.8,1
441,Romance,Spain,Japanese,R,1990s,Standard,Console,No,97,6.5,141.0,0
442,Sci-Fi,Germany,Korean,R,1990s,Premium,TV,Yes,132,8.7,237.6,1
443,Comedy,France,Hindi,PG-13,2020s,Premium,TV,Yes,124,9.6,6.3,1
444,Comedy,Canada,Italian,NC-17,2010s,Basic,TV,No,103,6.5,154.2,0
445,Adventure,South Korea,Hindi,NC-17,2020s,Standard,Console,Yes,174,8.8,161.9,1
446,Fantasy,USA,German,NC-17,2000s,Basic,TV,Yes,153,5.4,13.8,0
447,Horror,USA,French,G,2000s,Standard,Tablet,No,126,7.6,131.8,0
448,Adventure,UK,Spanish,NC-17,2000s,Premium,Console,No,119,9.6,72.7,1
449,Documentary,France,Italian,R,2020s,Basic,Tablet,Yes,127,7.2,141.9,0
450,Animation,Germany,Korean,G,2020s,Standard,Console,No,163,6.8,97.4,0
451,Fantasy,France,Korean,R,2010s,Premium,TV,No,89,5.9,98.8,0
452,Horror,France,Korean,R,2000s,Premium,Console,Yes,164,8.9,65.8,1
453,Comedy,South Korea,Korean,G,2020s,Basic,Laptop,No,120,5.7,145.6,0
454,Drama,France,Italian,PG,1990s,Premium,Mobile,No,101,5.7,209.6,0
455,Documentary,Japan,French,G,1980s,Basic,Laptop,Yes,172,9.0,239.7,1
456,Fantasy,Japan,Korean,R,2020s,Standard,Laptop,Yes,172,9.4,73.7,0
457,Horror,Spain,French,G,2020s,Standard,Laptop,Yes,139,6.3,215.8,0
458,Drama,India,Spanish,NC-17,2010s,Standard,TV,Yes,161,5.6,147.3,0
459,Romance,Japan,Japanese,PG,2020s,Standard,Mobile,No,135,9.6,89.1,0
460,Drama,India,Hindi,PG,2010s,Premium,Tablet,No,126,6.0,49.1,0
461,Drama,Spain,German,G,2000s,Basic,Console,No,123,5.5,201.0,0
462,Adventure,Canada,Italian,G,1990s,Standard,Laptop,Yes,155,7.2,181.5,0
463,Fantasy,Germany,Japanese,NC-17,2020s,Basic,Laptop,Yes,163,5.4,57.8,0
464,Sci-Fi,India,Spanish,R,2000s,Standard,Tablet,No,146,7.5,203.5,1
465,Romance,USA,Hindi,G,2000s,Premium,Console,Yes,148,7.6,164.0,1
466,Drama,Germany,Korean,PG-13,2020s,Standard,Laptop,Yes,123,7.8,118.6,1
467,Drama,Canada,Korean,R,2020s,Premium,Laptop,Yes,85,5.4,60.9,0
468,Romance,Germany,Japanese,NC-17,2010s,Standard,Laptop,No,170,7.6,241.6,0
469,Thriller,Canada,French,G,1990s,Premium,Mobile,No,170,8.2,24.6,0
470,Drama,South Korea,Spanish,G,1980s,Standard,Console,Yes,78,8.6,133.4,1
471,Comedy,UK,Japanese,NC-17,1990s,Basic,Laptop,No,104,5.8,74.6,0
472,Crime,Canada,French,NC-17,1990s,Basic,TV,No,116,9.1,119.5,0
473,Animation,Germany,Italian,PG,2020s,Basic,Console,No,155,8.5,219.9,1
474,Thriller,Australia,Japanese,PG-13,2010s,Premium,Mobile,Yes,131,6.1,106.0,0
475,Drama,Germany,English,G,2020s,Basic,Tablet,No,135,7.3,173.5,0
476,Fantasy,India,Japanese,G,2010s,Standard,Console,Yes,176,4.5,96.5,0
477,Thriller,Australia,Hindi,R,1990s,Basic,Laptop,No,103,5.9,108.4,0
478,Horror,Australia,Japanese,PG-13,2020s,Standard,Laptop,Yes,83,5.5,76.0,0
479,Crime,India,Italian,PG-13,2020s,Standard,Mobile,No,77,5.3,242.6,0
480,Action,Canada,Spanish,PG-13,2000s,Basic,Laptop,Yes,104,5.0,8.6,0
481,Horror,Japan,Hindi,PG-13,2010s,Standard,Laptop,Yes,117,4.9,188.9,0
482,Drama,USA,Japanese,R,1980s,Premium,Laptop,Yes,99,9.2,66.3,1
483,Thriller,USA,Spanish,PG,2010s,Standard,Mobile,Yes,100,6.9,193.9,0
484,Animation,France,Italian,R,2000s,Standard,Mobile,Yes,170,9.5,132.6,1
485,Sci-Fi,India,Japanese,PG,2000s,Basic,Mobile,Yes,105,7.9,84.5,1
486,Drama,Germany,Spanish,R,1990s,Basic,TV,No,163,7.7,96.0,0
487,Comedy,France,French,R,1980s,Premium,Console,No,172,7.8,19.6,1
488,Crime,Canada,Spanish,PG,2010s,Basic,Tablet,No,178,9.2,184.6,0
489,Action,South Korea,Korean,PG,2000s,Basic,Laptop,No,146,6.1,175.8,0
490,Horror,Spain,French,NC-17,2000s,Standard,Laptop,No,151,9.3,140.9,0
491,Comedy,Australia,French,R,2000s,Standard,Console,No,133,4.5,161.3,0
492,Thriller,Canada,English,NC-17,2000s,Premium,Mobile,No,167,4.8,242.0,0
493,Thriller,France,Italian,NC-17,1990s,Premium,Tablet,No,127,7.9,32.1,0
494,Animation,UK,English,PG,1990s,Basic,Mobile,Yes,137,5.5,12.8,0
495,Crime,South Korea,Italian,NC-17,2020s,Premium,Console,No,81,6.4,153.5,0
496,Comedy,USA,German,R,1980s,Standard,TV,No,146,8.4,223.2,1
497,Romance,USA,Japanese,NC-17,1980s,Premium,TV,No,84,9.5,240.3,1
498,Comedy,UK,German,NC-17,2010s,Basic,Mobile,Yes,147,7.8,48.8,1
499,Adventure,Australia,Hindi,G,2020s,Standard,Laptop,No,88,5.4,49.2,0
500,Thriller,Australia,Korean,PG,2020s,Premium,Laptop,No,115,7.4,249.2,0
501,Romance,South Korea,Hindi,PG-13,2020s,Basic,Console,Yes,123,8.6,231.9,1
502,Sci-Fi,Japan,Italian,R,2010s,Basic,TV,No,151,4.6,38.1,0
503,Sci-Fi,USA,Japanese,PG,1990s,Standard,TV,No,145,7.2,144.8,0
504,Documentary,Canada,Spanish,G,2010s,Standard,Mobile,Yes,108,6.4,147.6,0
505,Horror,Germany,Japanese,G,2020s,Standard,Console,Yes,168,4.9,84.5,0
506,Fantasy,Canada,Italian,NC-17,1980s,Premium,Tablet,Yes,168,8.8,98.5,1
507,Action,Japan,Korean,R,2010s,Basic,Mobile,Yes,156,8.6,98.7,1
508,Sci-Fi,Australia,English,PG-13,2020s,Premium,Mobile,No,139,8.2,42.5,1
509,Crime,South Korea,Italian,NC-17,2020s,Premium,TV,Yes,130,6.0,101.6,0
510,Drama,Japan,Spanish,R,2020s,Premium,TV,No,108,5.0,127.9,0
511,Adventure,Canada,French,R,2020s,Basic,Laptop,No,158,7.5,142.5,1
512,Adventure,Australia,German,PG,1980s,Standard,Laptop,No,162,9.4,27.0,0
513,Crime,South Korea,Hindi,PG-13,2000s,Basic,Tablet,No,151,8.0,193.6,0
514,Drama,Japan,Italian,NC-17,1990s,Standard,TV,Yes,100,8.1,43.2,0
515,Adventure,UK,Spanish,G,1990s,Premium,Mobile,No,76,6.3,202.0,0
516,Sci-Fi,India,Italian,G,2000s,Basic,Console,Yes,101,7.4,188.8,0
517,Animation,India,French,G,2010s,Premium,Console,Yes,107,5.4,74.6,0
518,Adventure,Spain,Japanese,G,2010s,Premium,TV,Yes,124,8.0,167.4,1
519,Crime,Japan,Spanish,G,2000s,Premium,Laptop,Yes,123,7.2,178.9,0
520,Romance,India,Spanish,PG,1990s,Premium,Laptop,Yes,80,5.8,134.7,0
521,Romance,India,Hindi,PG,1980s,Standard,Tablet,No,155,6.1,249.0,0
522,Animation,Germany,English,PG-13,2010s,Basic,Console,No,103,5.3,224.8,0
523,Crime,Canada,Spanish,R,2020s,Premium,Console,Yes,128,5.8,42.4,0
524,Sci-Fi,Spain,Korean,R,2020s,Basic,Mobile,Yes,149,7.4,201.0,0
525,Drama,Germany,French,R,1990s,Premium,Console,Yes,115,4.9,135.6,0
526,Adventure,UK,French,PG-13,1990s,Premium,TV,No,127,9.6,79.3,1
527,Adventure,Germany,French,PG,1980s,Basic,Mobile,Yes,172,9.7,156.2,1
528,Documentary,Spain,German,NC-17,1990s,Basic,TV,No,85,8.1,121.8,0
529,Animation,Spain,Italian,PG-13,1990s,Standard,Laptop,No,92,5.4,60.4,0
530,Thriller,USA,Japanese,R,1990s,Premium,Mobile,Yes,83,5.4,238.9,0
531,Fantasy,Spain,Italian,PG-13,2010s,Basic,Laptop,No,174,4.7,185.2,0
532,Thriller,Japan,Hindi,NC-17,2020s,Premium,Console,Yes,141,5.1,116.9,0
533,Action,France,Hindi,G,2020s,Standard,Console,Yes,99,6.0,102.5,0
534,Sci-Fi,Germany,Italian,PG,2010s,Standard,Console,Yes,163,7.2,39.8,0
535,Crime,India,Spanish,NC-17,1980s,Basic,Console,Yes,125,6.7,115.5,0
536,Drama,India,German,R,1980s,Standard,Tablet,Yes,166,8.4,27.3,0
537,Adventure,India,Korean,G,2020s,Premium,Laptop,Yes,123,7.4,15.8,0
538,Drama,Japan,French,PG,1990s,Basic,TV,No,114,6.1,193.3,0
539,Fantasy,Germany,French,G,1990s,Basic,TV,No,76,6.9,214.6,0
540,Animation,USA,Italian,PG,1990s,Premium,Laptop,No,127,6.8,152.3,0
541,Action,France,Japanese,NC-17,2020s,Basic,TV,Yes,93,4.8,90.5,0
542,Drama,USA,Japanese,PG-13,1980s,Basic,TV,No,97,5.4,74.7,0
543,Crime,Spain,French,R,2020s,Standard,TV,Yes,173,6.1,95.3,0
544,Thriller,UK,Hindi,NC-17,1980s,Standard,Laptop,Yes,90,8.2,72.2,0
545,Animation,South Korea,German,PG,2020s,Basic,TV,Yes,136,8.3,153.2,1
546,Adventure,Germany,Hindi,NC-17,2000s,Standard,Console,No,91,7.8,126.6,1
547,Adventure,India,Italian,PG,2020s,Basic,Tablet,Yes,75,5.1,118.9,0
548,Comedy,France,Hindi,R,1980s,Standard,Tablet,Yes,76,7.9,174.1,1
549,Sci-Fi,UK,Japanese,PG-13,2020s,Premium,Tablet,Yes,89,8.1,88.6,1
550,Adventure,Spain,English,PG,1990s,Standard,Tablet,No,135,8.7,163.2,1
551,Fantasy,Canada,Italian,NC-17,2000s,Standard,Laptop,Yes,141,6.1,182.6,0
552,Romance,Australia,English,PG,2020s,Premium,Tablet,No,83,9.6,73.7,0
553,Action,Japan,Hindi,NC-17,1990s,Premium,Console,No,98,7.7,216.8,1
554,Sci-Fi,Japan,English,PG-13,2010s,Basic,Laptop,Yes,122,6.9,237.9,0
555,Horror,Australia,Japanese,PG,1980s,Standard,TV,Yes,86,6.9,11.1,0
556,Fantasy,Australia,French,PG,2000s,Standard,Console,No,174,6.2,193.5,0
557,Comedy,Australia,French,PG,1980s,Standard,Laptop,Yes,75,6.1,15.8,0
558,Documentary,UK,Korean,R,1980s,Basic,Console,No,77,7.6,81.5,0
559,Horror,Japan,German,PG,2000s,Standard,Console,No,173,6.8,33.8,0
560,Drama,Canada,Japanese,G,1980s,Premium,Console,Yes,101,7.4,139.6,0
561,Sci-Fi,Canada,Japanese,NC-17,1990s,Basic,TV,No,153,9.2,137.4,1
562,Action,Canada,English,R,1980s,Basic,Laptop,Yes,86,6.8,48.9,0
563,Documentary,Spain,Italian,NC-17,2000s,Standard,Tablet,Yes,166,8.5,203.3,1
564,Comedy,India,French,G,2010s,Basic,Laptop,No,162,7.9,192.8,1
565,Fantasy,France,German,PG,2020s,Standard,Tablet,No,98,8.2,168.0,0
566,Romance,India,Italian,G,1980s,Standard,TV,No,136,6.9,46.8,0
567,Romance,Spain,French,NC-17,1980s,Standard,TV,No,146,7.9,199.1,0
568,Animation,India,Hindi,NC-17,2010s,Basic,Console,Yes,145,5.3,123.2,0
569,Comedy,Japan,German,NC-17,2010s,Standard,Console,No,144,8.2,47.4,0
570,Crime,UK,Italian,G,2020s,Premium,Laptop,No,146,5.0,114.1,0
571,Sci-Fi,South Korea,Spanish,NC-17,1980s,Premium,Console,No,116,7.1,166.7,0
572,Comedy,France,French,NC-17,1980s,Basic,Mobile,No,143,6.0,155.8,0
573,Fantasy,France,German,PG-13,2000s,Premium,Tablet,No,166,9.7,89.3,0
574,Comedy,Spain,English,NC-17,2020s,Standard,Mobile,No,82,6.5,139.5,0
575,Action,USA,Korean,G,2000s,Basic,Mobile,No,164,7.6,158.2,1
576,Adventure,South Korea,Hindi,R,2010s,Premium,Mobile,Yes,135,5.2,141.1,1
577,Romance,South Korea,French,PG-13,1990s,Basic,TV,Yes,157,4.6,181.7,0
578,Fantasy,South Korea,French,G,1990s,Premium,Laptop,No,175,8.2,232.9,1
579,Documentary,Canada,Italian,NC-17,2010s,Premium,Laptop,No,120,5.7,109.1,0
580,Action,Spain,Italian,PG,2020s,Standard,Laptop,No,79,9.7,144.2,1
581,Adventure,Japan,Spanish,NC-17,2010s,Premium,TV,Yes,168,8.4,246.0,1
582,Sci-Fi,India,Spanish,NC-17,2020s,Basic,Mobile,No,155,8.4,240.3,1
583,Comedy,Australia,Japanese,NC-17,1980s,Standard,Console,Yes,135,6.9,227.0,0
584,Documentary,Japan,Hindi,PG-13,2000s,Standard,Mobile,Yes,163,9.4,188.6,1
585,Adventure,Spain,Japanese,G,2010s,Premium,Mobile,Yes,159,9.7,203.2,1
586,Documentary,USA,Japanese,R,1980s,Basic,Console,Yes,175,6.0,37.5,0
587,Sci-Fi,Germany,Japanese,G,1980s,Premium,Mobile,Yes,159,6.9,202.9,1
588,Sci-Fi,France,Italian,PG,2020s,Basic,Tablet,Yes,93,7.7,206.3,1
589,Fantasy,South Korea,Hindi,PG,2010s,Premium,Mobile,Yes,148,8.4,89.5,1
590,Crime,Germany,Spanish,G,1990s,Standard,Laptop,No,113,7.0,237.3,0
591,Animation,France,Hindi,R,2010s,Standard,Mobile,No,76,6.0,200.3,0
592,Thriller,Japan,English,G,2020s,Premium,Tablet,No,153,9.4,215.3,1
593,Romance,Germany,Japanese,G,2000s,Premium,Console,No,134,8.6,188.5,1
594,Adventure,Spain,German,NC-17,2000s,Premium,Mobile,No,145,4.6,7.1,0
595,Comedy,USA,Hindi,G,2020s,Basic,Laptop,No,103,8.3,66.7,0
596,Action,USA,Spanish,G,2020s,Premium,Mobile,Yes,165,9.6,26.2,1
597,Documentary,Canada,Hindi,NC-17,1990s,Basic,Mobile,No,112,7.0,234.4,0
598,Crime,India,Japanese,R,2000s,Standard,Mobile,Yes,110,8.6,98.8,0
599,Romance,USA,Japanese,PG-13,1990s,Standard,TV,No,100,7.7,48.7,0
600,Fantasy,UK,French,NC-17,2010s,Basic,Console,Yes,131,8.3,30.3,0
601,Comedy,UK,Japanese,R,1980s,Standard,Mobile,Yes,79,8.0,70.3,1
602,Adventure,Japan,Hindi,NC-17,1980s,Premium,Laptop,No,130,6.6,183.3,0
603,Comedy,Australia,German,G,2010s,Premium,Laptop,Yes,147,7.3,247.9,1
604,Romance,Germany,Hindi,G,1980s,Standard,Console,No,85,9.0,191.3,0
605,Sci-Fi,France,French,NC-17,1980s,Standard,Mobile,No,164,6.6,31.2,0
606,Adventure,Japan,Italian,G,2010s,Premium,Mobile,Yes,79,5.5,181.3,1
607,Documentary,France,Italian,R,1980s,Premium,Tablet,No,143,9.6,203.9,1
608,Action,USA,Korean,G,2000s,Premium,TV,No,90,5.6,165.2,0
609,Animation,India,French,NC-17,1990s,Basic,TV,Yes,137,8.0,120.4,1
610,Documentary,USA,German,PG,1980s,Basic,TV,No,180,8.7,116.8,0
611,Drama,Spain,Spanish,G,1980s,Standard,Console,Yes,83,8.8,109.4,1
612,Adventure,South Korea,Korean,G,2020s,Premium,Mobile,No,176,5.6,16.2,0
613,Drama,Japan,Spanish,G,2000s,Basic,Laptop,Yes,164,6.5,45.4,0
614,Horror,Spain,English,PG,1980s,Premium,Console,No,174,5.3,220.5,0
615,Comedy,USA,English,PG,1980s,Premium,Console,No,128,8.2,199.1,1
616,Fantasy,Canada,German,PG,2000s,Premium,Laptop,No,105,9.5,154.6,1
617,Action,Spain,French,R,2020s,Basic,Tablet,No,128,4.5,62.7,0
618,Comedy,Australia,Spanish,NC-17,2000s,Premium,Console,Yes,134,8.6,166.5,1
619,Sci-Fi,USA,German,G,1990s,Premium,Laptop,No,97,5.3,231.1,0
620,Action,Japan,Japanese,PG,2010s,Standard,Tablet,No,80,5.1,17.9,0
621,Animation,Canada,French,G,2010s,Premium,TV,Yes,105,8.3,150.2,1
622,Romance,South Korea,German,PG-13,1990s,Basic,Tablet,Yes,87,5.8,106.1,0
623,Horror,South Korea,German,G,2010s,Premium,Laptop,Yes,130,5.3,232.3,0
624,Fantasy,Canada,Hindi,PG-13,1990s,Standard,Mobile,No,109,5.6,36.2,0
625,Adventure,Spain,English,PG-13,1990s,Basic,Laptop,No,128,5.4,89.2,0
626,Sci-Fi,Spain,French,NC-17,1990s,Premium,Console,Yes,86,6.7,132.8,1
627,Horror,Spain,Italian,R,2000s,Basic,Laptop,Yes,106,6.2,147.0,0
628,Documentary,Canada,English,R,1980s,Basic,Laptop,Yes,129,7.3,122.4,0
629,Adventure,UK,Italian,R,1990s,Basic,Console,Yes,163,8.4,237.7,1
630,Drama,Japan,Japanese,PG,1980s,Basic,Laptop,No,95,8.2,215.2,0
631,Adventure,Spain,English,R,2010s,Basic,Laptop,Yes,176,9.1,158.6,1
632,Adventure,USA,Spanish,R,2000s,Premium,TV,No,129,8.5,176.0,1
633,Documentary,Australia,German,G,2020s,Standard,TV,No,81,5.1,94.6,0
634,Documentary,USA,Korean,PG-13,1990s,Premium,Console,Yes,146,8.3,55.2,1
635,Romance,France,Spanish,R,2020s,Premium,Mobile,Yes,116,6.4,70.5,0
636,Crime,South Korea,Japanese,G,1980s,Standard,Tablet,No,137,7.2,208.2,0
637,Fantasy,Australia,Japanese,R,2020s,Standard,TV,Yes,133,5.0,100.7,0
638,Drama,Germany,Spanish,G,1990s,Standard,TV,Yes,138,5.3,55.0,0
639,Crime,USA,Japanese,R,2020s,Basic,Laptop,No,128,6.9,162.9,0
640,Sci-Fi,France,Spanish,G,1990s,Premium,Tablet,No,149,6.3,163.3,0
641,Romance,India,Italian,R,2000s,Premium,Mobile,No,96,8.7,60.6,0
642,Romance,Germany,English,PG,2000s,Standard,Laptop,Yes,154,9.4,179.4,1
643,Sci-Fi,Canada,French,PG,1990s,Basic,TV,Yes,115,7.5,113.0,1
644,Romance,Canada,German,NC-17,1980s,Premium,Tablet,No,93,6.5,137.3,0
645,Drama,Australia,Japanese,G,1980s,Standard,Laptop,Yes,133,9.4,43.2,0
646,Adventure,Australia,Korean,PG-13,2010s,Standard,Console,Yes,177,7.5,227.2,1
647,Fantasy,Japan,Spanish,R,1980s,Basic,Console,Yes,114,4.6,156.3,0
648,Horror,India,Korean,G,2000s,Basic,Console,Yes,149,7.3,196.4,0
649,Sci-Fi,France,English,G,2020s,Standard,TV,No,99,7.1,152.8,0
650,Animation,USA,Korean,R,1990s,Premium,Laptop,No,124,6.5,74.7,0
651,Romance,Germany,Italian,NC-17,1980s,Basic,Laptop,No,177,6.8,45.1,0
652,Adventure,South Korea,Hindi,PG,2020s,Premium,TV,Yes,101,6.1,247.2,1
653,Animation,Japan,Spanish,NC-17,2010s,Basic,TV,No,156,9.3,106.6,1
654,Animation,India,French,PG,1990s,Standard,Tablet,No,80,8.9,79.0,0
655,Documentary,Germany,Italian,NC-17,2010s,Basic,TV,Yes,94,5.9,239.2,0
656,Crime,India,Spanish,PG-13,2010s,Basic,Laptop,Yes,78,5.1,72.9,0
657,Comedy,Spain,Korean,NC-17,2010s,Premium,Laptop,No,155,8.1,243.7,1
658,Comedy,Japan,English,PG-13,1990s,Premium,TV,Yes,115,6.9,174.9,1
659,Romance,Canada,English,PG-13,2000s,Standard,Tablet,Yes,112,6.0,161.5,0
660,Comedy,Australia,German,PG,1980s,Premium,Mobile,No,115,8.9,172.8,1
661,Sci-Fi,Germany,Korean,G,2020s,Premium,Tablet,Yes,76,5.2,73.9,0
662,Fantasy,South Korea,Korean,PG,1980s,Basic,Mobile,Yes,99,8.7,141.9,1
663,Adventure,Australia,Spanish,R,2010s,Basic,TV,Yes,77,7.0,81.3,0
664,Romance,Canada,Italian,NC-17,2020s,Standard,Mobile,No,78,8.4,34.1,0
665,Drama,Canada,German,PG-13,1990s,Basic,Mobile,Yes,129,8.2,197.1,1
666,Comedy,USA,Italian,R,1980s,Basic,TV,Yes,176,8.0,150.3,1
667,Fantasy,UK,Japanese,G,1980s,Standard,TV,Yes,175,5.2,152.4,0
668,Documentary,France,French,PG-13,1980s,Basic,Mobile,No,149,6.3,44.3,0
669,Animation,Spain,German,NC-17,2020s,Basic,TV,Yes,142,5.7,51.9,0
670,Sci-Fi,Canada,English,G,1990s,Premium,Laptop,No,164,7.6,112.7,1
671,Comedy,Canada,Korean,R,2010s,Basic,Console,Yes,127,5.1,246.2,0
672,Comedy,India,Spanish,NC-17,1990s,Standard,Tablet,No,146,8.3,25.2,0
673,Fantasy,UK,Hindi,PG-13,2010s,Premium,Tablet,No,103,7.4,76.2,0
674,Thriller,France,Spanish,R,2000s,Basic,TV,No,161,5.1,112.3,0
675,Crime,UK,Spanish,PG,2010s,Standard,Console,Yes,169,9.4,244.6,1
676,Comedy,Japan,German,PG-13,1990s,Premium,Laptop,Yes,104,8.9,182.7,1
677,Sci-Fi,Spain,Japanese,R,2000s,Standard,Console,No,137,7.2,41.1,0
678,Fantasy,UK,Spanish,PG-13,2010s,Standard,Mobile,Yes,78,5.0,17.9,0
679,Comedy,India,English,PG,2010s,Premium,Tablet,Yes,113,7.8,28.6,1
680,Comedy,Australia,Italian,R,1990s,Standard,Laptop,No,139,5.9,89.2,0
681,Animation,Australia,English,G,2010s,Basic,Laptop,No,115,9.0,113.4,1
682,Action,USA,French,NC-17,2000s,Premium,Mobile,No,130,5.2,180.4,0
683,Fantasy,UK,Italian,NC-17,2020s,Premium,Laptop,No,146,9.0,129.1,1
684,Thriller,Germany,Italian,NC-17,2010s,Premium,Tablet,No,116,4.8,149.7,0
685,Drama,Japan,Korean,NC-17,1980s,Premium,Tablet,No,87,6.8,248.0,0
686,Thriller,Japan,English,PG,1990s,Basic,Tablet,Yes,163,4.8,79.7,0
687,Romance,Canada,English,NC-17,2000s,Basic,Laptop,No,147,7.2,108.2,0
688,Action,India,English,PG-13,2010s,Premium,Laptop,No,148,5.0,124.6,0
689,Adventure,France,Korean,R,2020s,Premium,Tablet,Yes,153,6.1,242.5,1
690,Horror,India,Spanish,NC-17,1990s,Standard,Tablet,Yes,113,9.8,103.5,1
691,Horror,Spain,Spanish,NC-17,1980s,Premium,Tablet,No,83,7.5,135.1,1
692,Thriller,France,Korean,G,2000s,Premium,Tablet,No,159,7.4,54.0,0
693,Thriller,Germany,Italian,NC-17,1990s,Basic,Console,Yes,148,7.1,166.9,0
694,Adventure,India,Japanese,NC-17,2020s,Standard,Console,Yes,141,5.6,118.3,0
695,Horror,Canada,Japanese,R,2010s,Standard,TV,Yes,127,5.9,75.3,0
696,Drama,Germany,German,R,1990s,Basic,Mobile,Yes,78,5.8,207.7,0
697,Fantasy,India,Hindi,R,1980s,Basic,Mobile,No,92,4.7,198.5,0
698,Sci-Fi,Australia,French,G,2010s,Basic,TV,Yes,115,7.7,217.5,1
699,Thriller,Japan,Spanish,R,1990s,Basic,TV,Yes,141,8.0,147.2,1
700,Animation,Germany,Italian,G,1990s,Premium,TV,No,117,8.9,185.6,1
701,Adventure,France,Hindi,PG,1990s,Basic,Mobile,Yes,110,6.8,67.3,0
702,Documentary,USA,Italian,NC-17,2000s,Premium,TV,No,144,6.7,172.3,0
703,Sci-Fi,Canada,Korean,R,2000s,Standard,TV,Yes,169,8.0,235.5,1
704,Adventure,France,Japanese,NC-17,2010s,Standard,Tablet,Yes,143,9.1,215.1,1
705,Thriller,USA,Hindi,PG-13,2000s,Basic,Mobile,No,101,9.1,44.3,0
706,Fantasy,Japan,Hindi,G,2000s,Basic,Laptop,No,169,6.7,211.1,0
707,Adventure,South Korea,Spanish,PG,2000s,Premium,TV,No,128,7.7,204.3,1
708,Adventure,Japan,Italian,G,1980s,Premium,Mobile,No,176,7.9,5.8,1
709,Horror,Germany,Korean,NC-17,1980s,Basic,Mobile,Yes,141,8.3,193.1,1
710,Crime,Canada,Hindi,PG-13,2010s,Standard,Mobile,No,97,8.1,207.6,0
711,Sci-Fi,France,Spanish,R,2000s,Basic,Laptop,No,148,5.7,237.3,0
712,Animation,Spain,German,G,2010s,Basic,Tablet,Yes,81,6.6,110.1,0
713,Sci-Fi,Canada,Spanish,PG-13,1990s,Premium,TV,Yes,166,7.3,194.5,1
714,Fantasy,India,Spanish,PG,1990s,Basic,Tablet,No,170,7.1,36.9,0
715,Horror,Spain,German,PG-13,1990s,Standard,Mobile,No,176,5.3,76.1,0
716,Sci-Fi,France,Italian,PG,2000s,Premium,Laptop,Yes,76,7.0,218.5,1
717,Adventure,South Korea,German,R,2010s,Premium,Console,No,84,5.0,19.4,0
718,Romance,France,Italian,PG-13,2020s,Premium,Console,Yes,75,5.8,156.8,0
719,Sci-Fi,South Korea,Korean,PG,2020s,Basic,Console,Yes,108,5.4,125.7,0
720,Romance,India,French,G,2000s,Premium,Console,No,93,5.9,81.8,0
721,Drama,India,Japanese,PG-13,2010s,Standard,Tablet,No,141,6.2,223.7,0
722,Romance,India,French,NC-17,2010s,Basic,Mobile,Yes,81,5.7,13.8,0
723,Sci-Fi,Canada,Italian,R,1980s,Standard,TV,No,120,9.7,142.4,1
724,Fantasy,India,Spanish,PG,1980s,Standard,TV,Yes,111,5.5,46.2,0
725,Animation,Germany,German,NC-17,1980s,Premium,Console,Yes,128,9.4,65.3,1
726,Fantasy,UK,Korean,G,2000s,Premium,TV,No,122,7.6,238.0,1
727,Romance,Canada,English,G,2010s,Premium,Laptop,No,155,9.6,150.6,1
728,Action,Japan,English,NC-17,2010s,Standard,Console,Yes,102,9.1,201.4,1
729,Sci-Fi,Japan,English,G,2020s,Premium,Laptop,Yes,126,5.9,63.8,0
730,Thriller,UK,English,PG,1990s,Standard,Laptop,No,157,8.5,165.2,0
731,Comedy,Germany,Italian,R,2000s,Premium,Console,Yes,120,8.0,208.9,1
732,Animation,France,Italian,R,2010s,Standard,Tablet,No,86,8.5,203.7,1
733,Documentary,Canada,Hindi,R,1980s,Basic,Console,No,134,8.1,163.7,0
734,Adventure,Canada,Italian,NC-17,2020s,Basic,Tablet,No,130,4.9,201.4,0
735,Sci-Fi,Canada,French,PG-13,1990s,Premium,Laptop,No,147,4.8,23.8,0
736,Action,Australia,Spanish,NC-17,2010s,Standard,TV,No,159,8.3,204.1,1
737,Romance,Germany,Spanish,NC-17,1980s,Basic,Laptop,Yes,175,5.5,101.3,0
738,Comedy,South Korea,Japanese,PG-13,2020s,Premium,Laptop,No,154,8.8,88.6,1
739,Drama,France,French,G,2020s,Standard,TV,No,143,4.6,101.8,0
740,Action,Canada,Italian,R,2010s,Premium,Console,No,113,7.8,243.6,1
741,Romance,South Korea,Japanese,G,1990s,Basic,TV,Yes,89,8.8,175.5,1
742,Horror,USA,German,R,1990s,Premium,Mobile,No,155,9.0,137.0,1
743,Comedy,Germany,Italian,PG,2010s,Standard,TV,Yes,96,9.3,186.0,1
744,Fantasy,India,Italian,G,2010s,Premium,Mobile,Yes,112,7.5,209.3,1
745,Action,Japan,English,G,2010s,Standard,Laptop,No,79,7.1,124.1,0
746,Documentary,Spain,Italian,PG,1980s,Premium,TV,No,148,6.2,20.6,0
747,Crime,South Korea,Italian,G,2010s,Premium,Tablet,No,164,6.8,44.5,0
748,Adventure,France,Italian,PG-13,2010s,Basic,Console,Yes,150,9.3,88.1,1
749,Documentary,India,French,PG-13,2010s,Standard,Tablet,No,177,9.6,44.7,0
750,Horror,Germany,Spanish,R,1990s,Basic,Mobile,Yes,152,7.1,199.4,0
751,Fantasy,Germany,German,PG,2020s,Basic,TV,No,108,6.4,43.9,0
752,Animation,USA,Spanish,PG-13,2010s,Basic,Console,Yes,90,7.5,124.2,1
753,Romance,Japan,English,NC-17,2000s,Basic,Console,Yes,165,4.8,236.8,0
754,Fantasy,UK,Spanish,NC-17,2020s,Basic,Console,Yes,139,5.1,159.3,0
755,Horror,Japan,French,PG-13,2010s,Premium,Laptop,Yes,94,7.9,87.0,1
756,Drama,UK,German,R,2010s,Basic,Mobile,No,118,6.0,47.0,0
757,Sci-Fi,Japan,Hindi,PG-13,1990s,Basic,Console,No,175,5.7,201.4,0
758,Thriller,South Korea,Italian,NC-17,2000s,Basic,Laptop,Yes,173,4.6,202.5,0
759,Comedy,UK,Korean,PG-13,2010s,Basic,Laptop,Yes,125,8.5,166.7,1
760,Crime,Canada,English,NC-17,2000s,Standard,Laptop,No,167,8.4,227.8,0
761,Action,Germany,French,R,2010s,Premium,Mobile,No,164,6.3,203.9,0
762,Crime,South Korea,German,PG-13,1980s,Basic,Console,No,124,8.3,186.3,0
763,Drama,Australia,Japanese,PG,1980s,Premium,Console,No,141,6.3,160.7,0
764,Action,USA,Japanese,PG,2000s,Premium,Laptop,Yes,168,4.8,96.4,0
765,Crime,Australia,Korean,G,1980s,Premium,TV,No,113,7.5,6.3,0
766,Romance,France,German,PG-13,2000s,Standard,Console,Yes,166,6.5,185.7,0
767,Comedy,Japan,German,PG-13,2010s,Basic,Mobile,No,127,4.9,20.2,0
768,Drama,India,German,R,1980s,Standard,Console,No,150,7.5,195.8,0
769,Sci-Fi,Spain,Italian,R,2010s,Premium,Laptop,No,180,5.4,128.9,0
770,Fantasy,India,French,NC-17,2020s,Basic,Mobile,No,135,4.7,43.4,0
771,Animation,Japan,Spanish,NC-17,2010s,Basic,TV,No,148,6.0,133.1,0
772,Comedy,Japan,Japanese,PG-13,2000s,Standard,Laptop,Yes,176,5.3,197.0,0
773,Thriller,USA,Japanese,PG-13,1990s,Basic,Laptop,Yes,90,7.4,21.6,0
774,Action,South Korea,Italian,NC-17,2000s,Premium,Laptop,No,175,6.5,209.4,0
775,Documentary,Canada,French,NC-17,2010s,Standard,Laptop,Yes,168,6.2,201.0,0
776,Crime,Spain,Hindi,R,1990s,Standard,Tablet,Yes,160,9.2,185.3,1
777,Crime,UK,French,G,2020s,Premium,Tablet,Yes,157,7.5,52.1,1
778,Documentary,Australia,English,NC-17,2020s,Basic,Laptop,Yes,90,8.0,135.3,1
779,Action,Germany,German,PG,2020s,Standard,TV,No,126,7.6,125.4,1
780,Action,Japan,Hindi,PG,2010s,Basic,Console,No,123,5.9,33.1,0
781,Comedy,Australia,French,PG-13,1990s,Basic,Tablet,Yes,94,6.1,104.8,0
782,Drama,USA,Korean,PG,1980s,Premium,TV,No,124,5.0,39.9,0
783,Romance,Germany,Hindi,G,1980s,Basic,Mobile,Yes,138,7.2,128.6,0
784,Comedy,Germany,English,PG-13,2010s,Premium,Laptop,Yes,136,4.7,160.2,1
785,Action,Germany,Spanish,PG,2020s,Premium,Mobile,No,147,6.7,25.6,0
786,Crime,Australia,German,PG,2000s,Premium,Mobile,Yes,143,9.5,240.5,1
787,Animation,India,English,G,2010s,Premium,Tablet,Yes,75,4.8,230.8,1
788,Sci-Fi,Spain,Japanese,R,2000s,Premium,Mobile,No,80,5.4,135.9,0
789,Comedy,Germany,Spanish,R,1980s,Basic,Console,No,130,5.6,128.7,0
790,Romance,Japan,Japanese,R,2000s,Basic,Tablet,No,101,6.9,151.9,0
791,Action,Canada,English,NC-17,2010s,Basic,TV,Yes,127,7.4,175.6,0
792,Fantasy,South Korea,Spanish,G,2020s,Basic,Laptop,Yes,120,9.7,97.2,0
793,Documentary,Japan,Hindi,PG,1980s,Basic,Laptop,No,99,6.9,59.3,0
794,Action,Germany,Korean,PG,1980s,Premium,Tablet,Yes,104,9.7,242.0,1
795,Action,Germany,Italian,NC-17,1990s,Basic,Mobile,No,89,9.1,144.4,1
796,Fantasy,Canada,German,NC-17,2020s,Premium,Mobile,Yes,150,5.2,20.9,0
797,Sci-Fi,Spain,German,NC-17,2000s,Basic,TV,No,162,7.5,116.2,1
798,Thriller,USA,Korean,R,2010s,Standard,TV,No,138,6.4,191.0,0
799,Adventure,France,English,PG-13,2010s,Premium,Laptop,No,75,6.6,87.0,0
800,Documentary,USA,German,R,1980s,Basic,Mobile,Yes,117,6.1,158.4,0
801,Comedy,USA,Italian,R,1980s,Premium,Tablet,No,106,5.1,63.4,0
802,Romance,USA,Korean,NC-17,1990s,Basic,Console,No,172,5.0,114.4,0
803,Comedy,UK,English,G,2010s,Standard,TV,Yes,82,9.4,113.3,1
804,Sci-Fi,Spain,Hindi,G,1980s,Premium,TV,Yes,112,9.0,103.4,1
805,Documentary,South Korea,German,NC-17,2020s,Basic,Laptop,No,134,8.7,220.6,0
806,Documentary,UK,Korean,G,2010s,Premium,Tablet,Yes,88,5.0,150.8,0
807,Comedy,Spain,German,NC-17,1990s,Premium,Console,No,120,6.7,182.5,0
808,Fantasy,Canada,German,PG,1980s,Basic,Mobile,No,149,6.8,240.1,0
809,Romance,Germany,French,PG,2010s,Standard,Console,No,112,6.5,7.0,0
810,Documentary,Canada,English,PG,2020s,Premium,TV,No,119,5.5,54.1,0
811,Horror,UK,Korean,PG,2010s,Premium,Laptop,No,149,7.5,87.2,0
812,Sci-Fi,South Korea,Korean,PG,1980s,Standard,TV,No,103,9.4,161.5,1
813,Adventure,France,Italian,NC-17,1990s,Basic,Laptop,No,178,8.4,55.3,0
814,Drama,USA,Korean,G,1980s,Standard,TV,Yes,93,6.0,52.6,0
815,Documentary,Japan,English,G,1990s,Basic,Tablet,Yes,103,9.2,181.1,1
816,Romance,Australia,German,PG,1990s,Basic,Mobile,No,87,4.6,171.0,0
817,Thriller,UK,Korean,PG,2000s,Standard,Mobile,No,178,6.5,47.0,0
818,Animation,Spain,Hindi,G,1980s,Basic,Mobile,Yes,99,7.3,175.1,0
819,Romance,Spain,Hindi,PG,1980s,Premium,Console,Yes,143,6.1,41.4,0
820,Horror,USA,Japanese,PG,2020s,Premium,Laptop,Yes,168,4.9,120.3,0
821,Crime,Spain,Spanish,PG,2020s,Standard,Console,No,138,7.3,48.9,0
822,Adventure,Japan,Italian,R,2010s,Standard,Console,No,156,9.4,148.1,1
823,Action,France,German,PG,2010s,Basic,Laptop,Yes,114,6.8,97.4,0
824,Drama,Japan,Japanese,NC-17,1980s,Basic,TV,No,131,7.2,61.4,0
825,Action,India,Korean,R,2010s,Standard,Laptop,No,122,8.8,82.7,0
826,Thriller,USA,French,R,1990s,Standard,TV,No,85,6.1,127.9,0
827,Animation,UK,Japanese,PG,1980s,Basic,TV,No,79,7.4,86.8,0
828,Crime,Japan,Japanese,PG-13,2000s,Basic,Console,Yes,171,8.3,138.1,1
829,Sci-Fi,USA,Japanese,PG-13,2000s,Standard,Laptop,Yes,135,8.0,247.4,1
830,Drama,South Korea,German,PG,1990s,Standard,Mobile,No,167,8.8,88.5,0
831,Comedy,Japan,German,R,2010s,Basic,Laptop,No,146,4.7,39.0,0
832,Drama,Germany,English,R,2000s,Standard,Mobile,No,129,8.1,103.8,0
833,Adventure,Australia,Japanese,PG-13,2020s,Basic,Console,Yes,92,5.3,238.4,0
834,Romance,Spain,Hindi,R,1990s,Standard,TV,No,99,7.0,85.6,0
835,Fantasy,Germany,Spanish,PG,1980s,Premium,Console,Yes,79,8.9,152.8,1
836,Action,Canada,German,G,2010s,Standard,Mobile,Yes,112,8.0,22.1,1
837,Action,Japan,English,PG,2000s,Standard,Laptop,Yes,89,5.2,107.5,0
838,Adventure,UK,Hindi,PG,1990s,Basic,Tablet,No,179,8.3,121.3,1
839,Documentary,Spain,Japanese,NC-17,1990s,Premium,Laptop,No,100,4.5,40.0,0
840,Comedy,South Korea,German,NC-17,2000s,Premium,Laptop,No,134,7.6,185.6,1
841,Sci-Fi,India,Korean,PG-13,2010s,Premium,Mobile,No,106,5.5,156.3,0
842,Thriller,India,Hindi,PG,2020s,Basic,Laptop,Yes,105,9.2,43.7,0
843,Crime,Australia,Japanese,G,1990s,Standard,Laptop,Yes,122,4.9,30.8,0
844,Romance,South Korea,Italian,PG,2000s,Basic,Console,Yes,134,4.6,161.5,0
845,Crime,India,Hindi,PG-13,2010s,Basic,Laptop,Yes,76,5.8,178.7,0
846,Drama,Japan,Italian,R,2010s,Basic,TV,Yes,166,9.5,39.4,0
847,Sci-Fi,Canada,French,G,2020s,Basic,Mobile,No,90,7.3,100.8,0
848,Comedy,USA,Japanese,PG,2010s,Standard,Mobile,Yes,166,4.7,170.4,0
849,Horror,India,English,NC-17,1980s,Standard,Tablet,No,81,7.7,16.9,0
850,Thriller,France,German,PG-13,1990s,Basic,TV,Yes,128,4.6,8.6,0
851,Horror,UK,German,G,1990s,Premium,Mobile,Yes,128,7.2,204.8,0
852,Romance,Australia,German,NC-17,1990s,Premium,Laptop,No,90,5.7,30.9,0
853,Romance,Canada,English,R,2000s,Basic,Laptop,Yes,133,5.7,166.2,0
854,Sci-Fi,Spain,Korean,G,1980s,Basic,Laptop,No,173,7.7,245.9,1
855,Comedy,Australia,French,PG-13,1980s,Premium,Tablet,No,161,9.4,194.0,1
856,Drama,Japan,French,PG-13,2010s,Basic,Tablet,Yes,152,9.3,115.0,1
857,Animation,France,English,PG,1980s,Premium,TV,No,105,8.4,190.5,1
858,Documentary,UK,English,PG,2000s,Standard,Tablet,Yes,94,6.5,162.3,0
859,Horror,Spain,Italian,PG-13,1990s,Standard,Tablet,Yes,141,8.7,106.6,1
860,Sci-Fi,USA,German,PG-13,2000s,Basic,Mobile,Yes,160,9.7,201.4,1
861,Adventure,France,Hindi,NC-17,2000s,Basic,Laptop,Yes,83,9.1,22.1,1
862,Horror,USA,French,PG,1990s,Basic,Mobile,Yes,105,7.2,109.4,0
863,Fantasy,Germany,French,PG,1990s,Standard,Mobile,Yes,113,6.0,114.8,0
864,Crime,France,Japanese,R,1980s,Standard,Laptop,No,96,7.0,108.6,0
865,Documentary,South Korea,French,R,1980s,Standard,Laptop,Yes,172,9.3,78.6,0
866,Animation,Canada,French,PG-13,2010s,Standard,Tablet,No,111,6.5,153.5,0
867,Comedy,Japan,French,R,1990s,Basic,Mobile,Yes,76,9.1,183.9,1
868,Romance,India,Hindi,R,2010s,Premium,Tablet,No,137,6.1,246.9,0
869,Comedy,South Korea,English,G,2010s,Premium,Mobile,Yes,172,6.8,67.5,0
870,Adventure,Japan,Italian,PG-13,1980s,Premium,Laptop,No,169,5.8,122.0,0
871,Romance,USA,French,PG-13,2020s,Standard,Mobile,No,106,7.7,238.2,0
872,Drama,USA,Spanish,G,2010s,Standard,Console,Yes,141,9.3,219.6,1
873,Drama,South Korea,Japanese,PG-13,2020s,Premium,Laptop,No,168,6.7,219.7,0
874,Adventure,UK,Spanish,NC-17,2000s,Basic,Tablet,Yes,170,6.6,80.5,0
875,Drama,India,English,G,1980s,Premium,Laptop,No,158,6.0,110.6,0
876,Drama,Japan,French,PG,1990s,Standard,Mobile,Yes,132,7.5,57.1,0
877,Horror,USA,French,PG,2000s,Standard,Laptop,Yes,156,5.4,76.8,0
878,Thriller,UK,Japanese,G,2000s,Basic,Console,Yes,136,7.1,191.3,0
879,Action,USA,Japanese,G,2020s,Basic,TV,Yes,141,8.7,97.0,1
880,Animation,Germany,Italian,R,2000s,Premium,Laptop,No,122,8.1,89.1,1
881,Romance,France,Korean,R,2010s,Premium,TV,No,117,8.8,5.8,0
882,Adventure,South Korea,French,G,2020s,Basic,Console,No,164,8.5,65.9,0
883,Fantasy,Spain,Italian,NC-17,2010s,Premium,Mobile,Yes,156,9.6,204.1,1
884,Action,Japan,English,PG-13,2010s,Basic,Console,No,126,8.4,199.5,1
885,Romance,South Korea,Italian,G,2010s,Standard,Console,Yes,166,5.3,132.4,0
886,Documentary,Australia,English,PG,2010s,Basic,Tablet,No,96,9.3,239.0,0
887,Fantasy,Australia,German,PG,1990s,Basic,TV,Yes,130,9.8,12.2,0
888,Romance,South Korea,Japanese,PG,2000s,Premium,Laptop,Yes,160,5.2,136.0,0
889,Adventure,India,Spanish,PG-13,1990s,Premium,Console,Yes,157,6.3,228.0,1
890,Adventure,South Korea,Hindi,PG,1990s,Standard,TV,No,86,5.1,88.4,0
891,Documentary,France,Spanish,NC-17,2000s,Basic,Tablet,No,148,8.4,81.1,0
892,Documentary,Australia,German,R,2010s,Standard,Tablet,Yes,141,8.0,149.7,1
893,Comedy,South Korea,English,NC-17,2010s,Standard,Mobile,No,103,7.1,116.7,0
894,Documentary,Germany,French,G,2020s,Standard,Tablet,Yes,110,9.8,178.1,1
895,Fantasy,France,Italian,PG-13,2010s,Basic,Tablet,Yes,180,8.3,212.8,1
896,Horror,USA,French,R,2010s,Standard,Mobile,Yes,145,6.6,108.5,0
897,Fantasy,Japan,Hindi,R,1980s,Premium,Tablet,No,164,9.4,176.8,1
898,Animation,South Korea,Spanish,PG,2000s,Premium,TV,No,133,8.0,146.4,1
899,Fantasy,India,Japanese,PG,1990s,Basic,Mobile,Yes,121,8.3,146.0,1
900,Crime,Canada,Hindi,R,1990s,Basic,TV,No,135,5.5,17.9,0
901,Animation,Japan,Hindi,PG,2010s,Basic,TV,Yes,105,6.6,79.2,0
902,Documentary,Canada,Hindi,G,2010s,Premium,Laptop,No,155,8.0,95.0,0
903,Comedy,UK,Spanish,G,2010s,Premium,Console,Yes,77,7.6,246.9,1
904,Fantasy,Germany,Spanish,NC-17,1990s,Standard,Laptop,No,113,7.5,29.4,0
905,Comedy,Australia,French,R,1980s,Standard,Console,No,83,7.3,148.3,0
906,Adventure,UK,German,G,1990s,Premium,Mobile,Yes,146,6.9,82.0,0
907,Action,Canada,German,PG,1980s,Premium,Tablet,Yes,85,9.7,129.0,1
908,Romance,Australia,French,R,1980s,Basic,Tablet,Yes,141,9.3,76.9,0
909,Animation,India,French,NC-17,2010s,Premium,Tablet,No,152,7.4,56.4,0
910,Comedy,USA,German,G,1990s,Basic,Tablet,Yes,92,7.7,57.9,1
911,Romance,Germany,French,NC-17,2010s,Basic,Console,No,108,6.5,226.4,0
912,Thriller,India,Spanish,PG-13,2010s,Premium,Mobile,Yes,84,7.8,71.0,1
913,Crime,France,Korean,NC-17,2020s,Premium,Mobile,No,180,5.3,248.2,0
914,Thriller,South Korea,English,NC-17,1990s,Basic,Tablet,Yes,143,5.1,139.4,0
915,Comedy,Japan,Spanish,PG-13,2000s,Standard,Mobile,Yes,110,4.6,97.4,0
916,Horror,South Korea,Spanish,G,1990s,Premium,Tablet,No,87,7.3,176.6,0
917,Sci-Fi,Australia,Japanese,NC-17,1980s,Basic,Mobile,No,171,6.6,89.6,0
918,Adventure,Australia,Hindi,R,2020s,Basic,Tablet,Yes,162,7.2,43.1,0
919,Drama,Canada,Hindi,NC-17,2000s,Basic,Tablet,Yes,161,7.7,178.2,1
920,Drama,India,Korean,R,2020s,Standard,Tablet,No,141,9.5,220.9,0
921,Horror,Germany,Spanish,PG-13,2010s,Standard,TV,Yes,84,8.4,236.5,1
922,Drama,Spain,English,G,2000s,Premium,Laptop,Yes,129,8.1,233.4,1
923,Drama,India,Italian,NC-17,2020s,Premium,TV,No,76,7.8,228.2,1
924,Adventure,USA,Hindi,NC-17,2000s,Basic,Console,Yes,152,6.9,46.3,0
925,Animation,France,French,G,2000s,Basic,Console,No,81,6.7,97.9,0
926,Romance,UK,Korean,PG,2020s,Basic,Tablet,No,136,6.1,57.2,0
927,Adventure,Spain,Hindi,PG,2000s,Premium,Console,Yes,134,9.2,212.8,1
928,Action,Japan,English,NC-17,2010s,Standard,Tablet,No,88,4.5,223.1,0
929,Drama,South Korea,Korean,G,1980s,Standard,Laptop,Yes,85,7.3,225.1,0
930,Thriller,UK,Italian,G,1990s,Premium,Tablet,Yes,135,6.6,78.3,0
931,Thriller,Canada,Japanese,G,2010s,Premium,Laptop,Yes,92,6.4,111.3,0
932,Romance,France,Spanish,PG,2000s,Basic,Mobile,No,128,8.4,225.7,0
933,Drama,France,Italian,PG-13,1980s,Standard,Laptop,No,177,8.1,36.2,0
934,Thriller,Australia,Hindi,PG,1980s,Basic,TV,Yes,94,6.3,8.3,0
935,Crime,France,English,PG-13,2010s,Premium,TV,No,136,6.0,124.1,0
936,Thriller,France,French,NC-17,1990s,Basic,Tablet,Yes,108,9.8,65.6,0
937,Thriller,France,Italian,G,2020s,Premium,Mobile,Yes,150,7.8,41.4,1
938,Comedy,Canada,Hindi,G,2000s,Basic,Mobile,No,77,7.8,27.3,0
939,Action,South Korea,Hindi,NC-17,2000s,Premium,Mobile,Yes,118,6.8,20.0,0
940,Thriller,USA,Japanese,G,2000s,Standard,Tablet,No,166,6.7,83.4,0
941,Action,Canada,English,G,1980s,Premium,Tablet,Yes,111,7.0,227.6,1
942,Comedy,South Korea,French,PG-13,2010s,Standard,Tablet,No,89,5.0,8.3,0
943,Animation,Canada,Korean,PG-13,2000s,Premium,Console,No,105,7.9,56.5,1
944,Thriller,UK,Spanish,PG,2020s,Basic,TV,Yes,99,8.2,231.7,1
945,Comedy,Australia,Korean,PG-13,2010s,Basic,Console,Yes,80,5.2,107.5,0
946,Adventure,Germany,Korean,PG-13,2010s,Premium,TV,No,83,7.1,133.3,0
947,Animation,USA,French,NC-17,2000s,Premium,Mobile,No,80,9.6,19.9,1
948,Adventure,France,Hindi,R,2020s,Premium,TV,Yes,131,8.5,99.1,1
949,Thriller,South Korea,Japanese,PG,1990s,Basic,Mobile,Yes,150,8.2,220.4,1
950,Animation,India,Japanese,PG-13,1990s,Standard,Tablet,Yes,96,5.7,135.7,0
951,Sci-Fi,USA,French,PG-13,1990s,Standard,TV,Yes,180,5.6,33.5,0
952,Crime,Japan,Korean,PG-13,1980s,Premium,Console,No,167,5.2,225.1,0
953,Sci-Fi,Japan,English,G,2000s,Basic,Tablet,Yes,107,9.6,136.7,1
954,Documentary,UK,Hindi,PG-13,2020s,Premium,Mobile,No,103,6.2,55.0,0
955,Crime,South Korea,French,R,1990s,Premium,Laptop,No,93,9.3,28.0,0
956,Drama,India,French,PG,1990s,Premium,Laptop,Yes,157,6.0,81.0,0
957,Drama,South Korea,German,G,1990s,Basic,Laptop,Yes,133,9.3,242.7,1
958,Comedy,Australia,French,G,2020s,Basic,Laptop,No,77,5.1,8.3,0
959,Crime,USA,French,PG,1980s,Standard,Mobile,Yes,176,9.6,239.6,1
960,Comedy,Australia,Korean,G,1990s,Basic,Laptop,No,179,5.4,86.3,0
961,Drama,France,English,NC-17,2000s,Premium,Console,Yes,77,8.9,30.2,1
962,Sci-Fi,UK,Hindi,PG,1980s,Basic,TV,Yes,129,6.5,91.6,0
963,Sci-Fi,France,Hindi,G,2010s,Basic,TV,Yes,88,9.6,74.0,1
964,Comedy,Spain,Korean,G,2000s,Basic,TV,Yes,97,6.8,87.0,0
965,Drama,South Korea,French,PG-13,2020s,Standard,Tablet,Yes,109,9.4,167.1,1
966,Sci-Fi,UK,English,PG,1990s,Standard,Mobile,No,132,8.3,197.5,1
967,Fantasy,UK,Spanish,NC-17,2010s,Premium,Tablet,Yes,86,6.2,36.2,0
968,Thriller,Japan,Korean,R,2010s,Standard,Laptop,No,92,8.8,165.2,0
969,Horror,South Korea,Hindi,NC-17,2010s,Premium,Console,No,143,7.3,61.4,0
970,Comedy,Spain,Hindi,NC-17,2020s,Premium,Mobile,Yes,105,6.4,54.8,0
971,Action,Japan,Italian,PG,1980s,Basic,Tablet,No,174,8.8,77.2,0
972,Drama,Australia,Hindi,PG,1990s,Basic,TV,Yes,90,9.6,177.5,1
973,Thriller,USA,Hindi,PG-13,1980s,Premium,TV,Yes,136,8.9,218.3,1
974,Action,Canada,Korean,PG,1980s,Basic,TV,Yes,147,8.9,107.0,1
975,Drama,India,French,NC-17,2000s,Standard,Laptop,No,131,8.6,175.3,0
976,Sci-Fi,UK,French,G,1980s,Premium,Mobile,Yes,76,6.6,108.8,1
977,Fantasy,Australia,Japanese,NC-17,2020s,Standard,Mobile,No,95,5.9,27.5,0
978,Thriller,Canada,German,R,2020s,Basic,Mobile,No,98,8.9,244.1,0
979,Documentary,UK,Italian,R,2000s,Premium,Laptop,No,96,4.8,96.0,0
980,Thriller,France,Japanese,G,1980s,Basic,Tablet,No,78,5.8,44.9,0
981,Comedy,UK,German,NC-17,1980s,Standard,Mobile,Yes,156,9.4,63.9,1
982,Comedy,Spain,English,NC-17,2010s,Basic,TV,No,86,9.5,7.1,0
983,Romance,Germany,Hindi,NC-17,1990s,Standard,Laptop,No,91,8.2,28.9,0
984,Thriller,Australia,Spanish,NC-17,1990s,Basic,Console,No,136,7.6,213.7,0
985,Sci-Fi,Canada,French,R,1980s,Premium,TV,Yes,102,8.8,165.3,1
986,Adventure,Canada,Korean,R,1990s,Standard,Tablet,No,154,9.0,110.6,1
987,Adventure,South Korea,German,PG,2020s,Premium,TV,Yes,147,7.8,126.9,1
988,Action,Canada,Japanese,NC-17,1980s,Standard,TV,No,115,5.4,77.4,0
989,Comedy,Germany,Korean,PG-13,1980s,Basic,Mobile,No,108,9.7,244.7,1
990,Fantasy,Canada,Spanish,NC-17,2010s,Basic,Tablet,No,126,6.7,156.8,0
991,Crime,Canada,Italian,PG-13,2020s,Premium,Tablet,No,85,8.1,129.0,1
992,Sci-Fi,USA,English,PG,2020s,Basic,Mobile,Yes,112,6.5,144.7,0
993,Comedy,France,Hindi,R,1980s,Standard,Laptop,No,157,7.3,205.5,0
994,Comedy,UK,French,G,2010s,Standard,Mobile,No,117,4.8,88.9,0
995,Documentary,India,German,R,1980s,Standard,Laptop,Yes,144,5.3,120.1,0
996,Crime,France,Korean,NC-17,1980s,Premium,Laptop,Yes,178,6.4,110.4,0
997,Fantasy,France,English,PG,1980s,Premium,Laptop,No,107,7.9,25.5,0
998,Comedy,Germany,Hindi,G,2000s,Premium,Laptop,No,142,5.6,223.8,0
999,Drama,USA,Spanish,R,2000s,Standard,Mobile,Yes,119,9.5,123.0,1
1000,Animation,Canada,Hindi,PG-13,2020s,Standard,TV,Yes,84,8.3,146.7,1
